sample_id	gene	chrom	pos	ref	alt	normal_ref_reads	normal_alt_reads	tumor_ref_reads	tumor_alt_reads	major_cn	minor_cn	assigned_loh_category
SIM-0001	RAD51C	chrSIM	1001	A	G	14	20	44	22	2	2	RETAINED
SIM-0002	RAD51B	chrSIM	1002	A	G	20	20	21	52	2	0	LOH_SECOND_HIT
SIM-0003	PALB2	chrSIM	1003	A	G	19	26	41	58	2	0	LOH_SECOND_HIT
SIM-0004	BRIP1	chrSIM	1004	A	G	24	30	10	84	4	0	LOH_SECOND_HIT
SIM-0005	BRCA1	chrSIM	1005	A	G	16	21	48	15	2	0	LOH_NON_SECOND_HIT
SIM-0006	RAD54L	chrSIM	1006	A	G	20	9	14	70	2	0	LOH_SECOND_HIT
SIM-0007	RAD51C	chrSIM	1007	A	G	17	25	6	59	2	0	LOH_SECOND_HIT
SIM-0008	BARD1	chrSIM	1008	A	G	25	25	39	61	4	0	LOH_SECOND_HIT
SIM-0009	BRCA2	chrSIM	1009	A	G	30	24	0	74	4	0	LOH_SECOND_HIT
SIM-0010	BRCA1	chrSIM	1010	A	G	17	18	32	42	2	0	LOH_SECOND_HIT
SIM-0011	BRCA1	chrSIM	1011	A	G	20	15	18	87	4	0	LOH_SECOND_HIT
SIM-0012	PALB2	chrSIM	1012	A	G	8	16	18	64	4	0	LOH_SECOND_HIT
SIM-0013	BARD1	chrSIM	1013	A	G	26	14	41	28	2	0	LOH_NON_SECOND_HIT
SIM-0014	BRCA1	chrSIM	1014	A	G	26	25	4	72	4	0	LOH_SECOND_HIT
SIM-0015	BARD1	chrSIM	1015	A	G	18	15	13	63	2	0	LOH_SECOND_HIT
SIM-0016	RAD54L	chrSIM	1016	A	G	21	25	75	17	2	2	RETAINED
SIM-0017	RAD51D	chrSIM	1017	A	G	26	9	62	24	2	2	RETAINED
SIM-0018	RAD51B	chrSIM	1018	A	G	23	19	41	55	1	1	RETAINED
SIM-0019	RAD54L	chrSIM	1019	A	G	26	15	76	29	2	2	RETAINED
SIM-0020	RAD54L	chrSIM	1020	A	G	27	14	56	33	2	2	RETAINED
SIM-0021	RAD51B	chrSIM	1021	A	G	27	19	69	3	2	0	LOH_NON_SECOND_HIT
SIM-0022	BARD1	chrSIM	1022	A	G	15	24	37	39	1	1	RETAINED
SIM-0023	BARD1	chrSIM	1023	A	G	34	20	42	33	2	2	RETAINED
SIM-0024	RAD51C	chrSIM	1024	A	G	32	23	42	10	4	0	LOH_NON_SECOND_HIT
SIM-0025	RAD54L	chrSIM	1025	A	G	20	15	10	11	2	0	LOH_AMBIGUOUS
SIM-0026	RAD54L	chrSIM	1026	A	G	26	16	45	45	1	1	RETAINED
SIM-0027	BRIP1	chrSIM	1027	A	G	13	25	12	70	2	0	LOH_SECOND_HIT
SIM-0028	RAD54L	chrSIM	1028	A	G	22	14	6	41	2	0	LOH_SECOND_HIT
SIM-0029	BRCA2	chrSIM	1029	A	G	19	21	64	1	4	0	LOH_NON_SECOND_HIT
SIM-0030	RAD51B	chrSIM	1030	A	G	18	25	54	53	1	1	RETAINED
SIM-0031	ATM	chrSIM	1031	A	G	16	14	4	69	2	0	LOH_SECOND_HIT
SIM-0032	MRE11	chrSIM	1032	A	G	14	15	46	53	1	1	RETAINED
SIM-0033	ATM	chrSIM	1033	A	G	18	22	21	63	4	0	LOH_SECOND_HIT
SIM-0034	RAD50	chrSIM	1034	A	G	14	16	6	99	2	0	LOH_SECOND_HIT
SIM-0035	MRE11	chrSIM	1035	A	G	20	27	35	52	1	1	RETAINED
SIM-0036	RAD50	chrSIM	1036	A	G	26	12	29	60	2	0	LOH_SECOND_HIT
SIM-0037	MRE11	chrSIM	1037	A	G	30	30	42	32	2	2	RETAINED
SIM-0038	ATM	chrSIM	1038	A	G	32	19	80	20	4	0	LOH_NON_SECOND_HIT
SIM-0039	ATM	chrSIM	1039	A	G	29	20	48	28	2	0	LOH_NON_SECOND_HIT
SIM-0040	ATR	chrSIM	1040	A	G	19	18	15	9	2	0	LOH_AMBIGUOUS
SIM-0041	CHEK1	chrSIM	1041	A	G	25	18	12	13	2	0	LOH_AMBIGUOUS
SIM-0042	ATR	chrSIM	1042	A	G	11	19	7	93	2	0	LOH_SECOND_HIT
SIM-0043	ATM	chrSIM	1043	A	G	18	17	88	11	2	0	LOH_NON_SECOND_HIT
SIM-0044	NBN	chrSIM	1044	A	G	22	23	46	43	1	1	RETAINED
SIM-0045	ATM	chrSIM	1045	A	G	23	17	35	46	4	0	LOH_SECOND_HIT
SIM-0046	FANCM	chrSIM	1046	A	G	14	16	43	35	1	1	RETAINED
SIM-0047	RAD50	chrSIM	1047	A	G	17	14	65	13	2	0	LOH_NON_SECOND_HIT
SIM-0048	CHEK2	chrSIM	1048	A	G	24	18	48	38	1	1	RETAINED
SIM-0049	CHEK2	chrSIM	1049	A	G	18	16	4	3	1	1	NOT_EVALUABLE
SIM-0050	ATR	chrSIM	1050	A	G	12	15	42	26	2	0	LOH_NON_SECOND_HIT
SIM-0051	ATR	chrSIM	1051	A	G	17	22	45	40	1	1	RETAINED
SIM-0052	NBN	chrSIM	1052	A	G	22	16	11	14	2	0	LOH_AMBIGUOUS
SIM-0053	MRE11	chrSIM	1053	A	G	17	20	8	7	1	1	NOT_EVALUABLE
SIM-0054	MRE11	chrSIM	1054	A	G	25	19	33	42	1	1	RETAINED
SIM-0055	NBN	chrSIM	1055	A	G	28	19	40	31	1	1	RETAINED
SIM-0056	FANCM	chrSIM	1056	A	G	22	24	32	32	1	1	RETAINED
SIM-0057	FANCM	chrSIM	1057	A	G	20	22	38	57	4	0	LOH_SECOND_HIT
SIM-0058	RAD50	chrSIM	1058	A	G	20	24	11	11	2	0	LOH_AMBIGUOUS
SIM-0059	ATR	chrSIM	1059	A	G	29	21	37	43	1	1	RETAINED
SIM-0060	ATR	chrSIM	1060	A	G	26	13	31	33	1	1	RETAINED
