sample_id	gene	gene_group	pam50_subtype	purity	ploidy	wgd	normal_depth
SIM-0001	RAD51C	CORE_HR	LumA	0.3171	2.3791	True	34
SIM-0002	RAD51B	CORE_HR	LumA	0.452	3.1584	False	40
SIM-0003	PALB2	CORE_HR	HER2E	0.1716	3.7062	False	45
SIM-0004	BRIP1	CORE_HR	HER2E	0.6383	4.3438	True	54
SIM-0005	BRCA1	CORE_HR	Basal	0.4752	3.2128	False	37
SIM-0006	RAD54L	CORE_HR	LumB	0.714	4.3862	False	29
SIM-0007	RAD51C	CORE_HR	LumA	0.735	2.5797	False	42
SIM-0008	BARD1	CORE_HR	HER2E	0.1197	3.8568	True	50
SIM-0009	BRCA2	CORE_HR	LumA	0.8235	4.0559	True	54
SIM-0010	BRCA1	CORE_HR	LumA	0.3098	2.0766	False	35
SIM-0011	BRCA1	CORE_HR	LumA	0.5149	1.7689	True	35
SIM-0012	PALB2	CORE_HR	Basal	0.4563	3.5398	True	24
SIM-0013	BARD1	CORE_HR	HER2E	0.1152	4.3821	False	40
SIM-0014	BRCA1	CORE_HR	Basal	0.8336	5.074	True	51
SIM-0015	BARD1	CORE_HR	HER2E	0.3734	4.567	False	33
SIM-0016	RAD54L	CORE_HR	LumA	0.8185	4.831	True	46
SIM-0017	RAD51D	CORE_HR	Basal	0.5959	2.0037	True	35
SIM-0018	RAD51B	CORE_HR	LumA	0.5485	4.1121	False	42
SIM-0019	RAD54L	CORE_HR	LumA	0.8349	1.6083	True	41
SIM-0020	RAD54L	CORE_HR	HER2E	0.2817	3.2105	True	41
SIM-0021	RAD51B	CORE_HR	Basal	0.8497	2.7464	False	46
SIM-0022	BARD1	CORE_HR	LumA	0.3178	5.4312	False	39
SIM-0023	BARD1	CORE_HR	Basal	0.1536	4.7198	True	54
SIM-0024	RAD51C	CORE_HR	Basal	0.4444	3.2984	True	55
SIM-0025	RAD54L	CORE_HR	LumA	0.4632	1.6413	False	35
SIM-0026	RAD54L	CORE_HR	LumA	0.7992	2.0329	False	42
SIM-0027	BRIP1	CORE_HR	HER2E	0.5525	1.8195	False	38
SIM-0028	RAD54L	CORE_HR	LumA	0.6979	3.941	False	36
SIM-0029	BRCA2	CORE_HR	LumB	0.6543	4.4032	True	40
SIM-0030	RAD51B	CORE_HR	Basal	0.7534	3.0756	False	43
SIM-0031	ATM	DDR_SIGNALING	LumA	0.921	4.9045	False	30
SIM-0032	MRE11	DDR_SIGNALING	LumB	0.3033	5.0622	False	29
SIM-0033	ATM	DDR_SIGNALING	LumA	0.3867	3.8709	True	40
SIM-0034	RAD50	DDR_SIGNALING	HER2E	0.9279	2.3071	False	30
SIM-0035	MRE11	DDR_SIGNALING	HER2E	0.3464	2.3053	False	47
SIM-0036	RAD50	DDR_SIGNALING	LumB	0.441	3.8802	False	38
SIM-0037	MRE11	DDR_SIGNALING	LumB	0.4698	5.341	True	60
SIM-0038	ATM	DDR_SIGNALING	LumA	0.5476	2.6746	True	51
SIM-0039	ATM	DDR_SIGNALING	LumA	0.3366	2.39	False	49
SIM-0040	ATR	DDR_SIGNALING	LumA	0.6476	2.8823	False	37
SIM-0041	CHEK1	DDR_SIGNALING	Basal	0.9427	4.0698	False	43
SIM-0042	ATR	DDR_SIGNALING	LumA	0.8652	3.7234	False	30
SIM-0043	ATM	DDR_SIGNALING	LumB	0.7457	2.1019	False	35
SIM-0044	NBN	DDR_SIGNALING	LumA	0.6064	3.4243	False	45
SIM-0045	ATM	DDR_SIGNALING	LumB	0.1541	1.6279	True	40
SIM-0046	FANCM	DDR_SIGNALING	LumA	0.2138	2.0653	False	30
SIM-0047	RAD50	DDR_SIGNALING	Basal	0.6954	2.6968	False	31
SIM-0048	CHEK2	DDR_SIGNALING	LumB	0.6133	1.8363	False	42
SIM-0049	CHEK2	DDR_SIGNALING	LumA	0.4852	4.0445	False	34
SIM-0050	ATR	DDR_SIGNALING	LumB	0.2002	3.6232	False	27
SIM-0051	ATR	DDR_SIGNALING	LumA	0.9417	3.0988	False	39
SIM-0052	NBN	DDR_SIGNALING	LumA	0.2221	3.1282	False	38
SIM-0053	MRE11	DDR_SIGNALING	HER2E	0.2681	2.8937	False	37
SIM-0054	MRE11	DDR_SIGNALING	LumA	0.2448	4.7375	False	44
SIM-0055	NBN	DDR_SIGNALING	HER2E	0.8917	2.2504	False	47
SIM-0056	FANCM	DDR_SIGNALING	LumA	0.8636	2.6444	False	46
SIM-0057	FANCM	DDR_SIGNALING	LumA	0.1514	5.3045	True	42
SIM-0058	RAD50	DDR_SIGNALING	Basal	0.583	5.1879	False	44
SIM-0059	ATR	DDR_SIGNALING	LumA	0.6097	4.9645	False	50
SIM-0060	ATR	DDR_SIGNALING	Basal	0.9037	2.1907	False	39
