sample_id	A[C>A]A	A[C>A]C	A[C>A]G	A[C>A]T	C[C>A]A	C[C>A]C	C[C>A]G	C[C>A]T	G[C>A]A	G[C>A]C	G[C>A]G	G[C>A]T	T[C>A]A	T[C>A]C	T[C>A]G	T[C>A]T	A[C>G]A	A[C>G]C	A[C>G]G	A[C>G]T	C[C>G]A	C[C>G]C	C[C>G]G	C[C>G]T	G[C>G]A	G[C>G]C	G[C>G]G	G[C>G]T	T[C>G]A	T[C>G]C	T[C>G]G	T[C>G]T	A[C>T]A	A[C>T]C	A[C>T]G	A[C>T]T	C[C>T]A	C[C>T]C	C[C>T]G	C[C>T]T	G[C>T]A	G[C>T]C	G[C>T]G	G[C>T]T	T[C>T]A	T[C>T]C	T[C>T]G	T[C>T]T	A[T>A]A	A[T>A]C	A[T>A]G	A[T>A]T	C[T>A]A	C[T>A]C	C[T>A]G	C[T>A]T	G[T>A]A	G[T>A]C	G[T>A]G	G[T>A]T	T[T>A]A	T[T>A]C	T[T>A]G	T[T>A]T	A[T>C]A	A[T>C]C	A[T>C]G	A[T>C]T	C[T>C]A	C[T>C]C	C[T>C]G	C[T>C]T	G[T>C]A	G[T>C]C	G[T>C]G	G[T>C]T	T[T>C]A	T[T>C]C	T[T>C]G	T[T>C]T	A[T>G]A	A[T>G]C	A[T>G]G	A[T>G]T	C[T>G]A	C[T>G]C	C[T>G]G	C[T>G]T	G[T>G]A	G[T>G]C	G[T>G]G	G[T>G]T	T[T>G]A	T[T>G]C	T[T>G]G	T[T>G]T
SIM-0001	0	0	2	0	0	0	0	0	2	0	0	0	1	1	2	1	1	0	2	0	1	0	1	0	0	0	0	1	2	1	0	0	0	0	3	0	1	0	0	1	0	2	4	0	0	1	1	2	1	1	0	0	2	0	0	0	1	1	1	1	1	1	0	2	0	0	0	0	0	0	0	2	1	1	1	0	1	0	3	1	1	1	1	1	0	0	2	0	1	0	0	1	2	0	0	0
SIM-0002	0	0	0	0	1	0	1	1	2	1	0	1	0	0	1	1	1	0	1	1	0	1	1	1	1	0	1	0	1	3	0	2	0	1	2	1	0	0	0	1	5	0	1	1	2	0	1	3	0	0	3	1	0	1	2	0	0	1	2	0	0	0	1	1	0	0	1	1	1	1	0	0	0	4	0	0	1	2	0	0	2	0	0	1	0	2	1	0	0	1	0	0	1	0	0	0
SIM-0003	2	1	1	0	1	0	1	0	1	0	1	2	1	0	1	1	0	1	0	0	2	1	0	0	1	0	1	1	2	1	1	0	1	0	0	2	1	0	1	1	1	2	1	1	0	0	0	0	1	0	1	0	0	0	1	0	1	0	0	1	0	1	1	1	0	1	0	0	0	0	1	1	0	0	1	0	1	0	0	0	0	1	0	0	1	0	1	2	2	1	0	0	1	0	0	0
SIM-0004	1	2	1	1	1	0	1	0	0	0	1	0	1	1	0	0	0	0	1	3	0	1	0	1	0	0	0	0	1	0	0	0	0	1	0	1	2	1	1	1	1	0	2	0	1	0	2	4	0	0	1	0	0	0	1	1	0	0	0	0	1	0	1	0	0	0	2	1	0	2	2	0	0	0	0	0	1	0	0	1	0	0	0	1	0	1	0	0	0	1	0	0	1	1	0	0
SIM-0005	1	0	0	0	0	1	0	2	0	1	1	0	0	1	1	1	1	0	0	1	0	0	2	0	2	2	0	0	1	1	0	1	3	2	4	1	0	2	0	0	0	3	3	2	3	1	0	0	0	2	1	2	0	0	0	0	1	3	0	0	0	0	1	1	1	1	1	0	0	2	2	1	0	1	1	0	1	0	3	2	0	1	0	1	0	2	0	1	1	0	2	4	1	0	0	1
SIM-0006	0	1	1	0	0	2	0	2	2	0	0	3	0	0	1	1	0	1	1	1	0	0	1	1	1	0	0	0	0	0	0	1	1	0	0	0	2	2	0	0	1	1	1	0	0	2	1	4	2	1	0	1	0	1	0	1	0	0	0	1	0	0	1	1	0	0	0	1	0	1	0	1	0	1	0	0	1	1	0	0	0	0	0	1	0	0	0	1	0	0	0	2	0	1	0	0
SIM-0007	0	0	1	1	0	0	0	2	1	1	1	0	1	2	0	2	0	1	0	1	0	0	1	0	1	0	0	2	0	1	0	0	2	0	0	2	4	1	1	0	1	2	3	2	1	1	0	0	0	0	0	0	0	0	0	1	0	2	2	3	1	0	1	2	1	1	0	0	0	0	2	0	1	1	0	1	0	1	1	0	0	0	1	2	0	0	0	1	0	0	3	0	0	1	1	1
SIM-0008	1	0	0	3	0	0	0	0	0	0	1	0	0	1	2	0	0	2	0	0	0	0	0	2	1	0	0	2	1	1	0	1	0	0	1	2	0	1	0	3	0	2	2	1	2	0	2	0	1	0	2	1	0	0	1	0	1	0	1	0	0	0	0	0	0	0	0	1	1	0	1	0	0	0	1	1	1	0	2	0	1	0	0	1	0	1	0	0	1	3	1	2	1	0	0	1
SIM-0009	1	1	0	1	2	0	1	0	0	1	0	0	0	0	1	2	0	0	0	0	0	0	1	0	0	0	1	0	0	0	0	0	1	2	0	2	1	0	1	0	2	0	3	0	0	2	1	1	0	0	1	1	0	1	0	0	2	1	0	0	0	0	0	2	0	1	1	0	0	0	1	0	1	1	2	1	0	0	0	2	1	1	0	0	0	0	0	0	0	1	0	0	1	1	0	1
SIM-0010	1	0	1	0	2	1	1	0	0	1	2	0	1	1	1	0	1	0	0	1	0	0	1	0	4	0	0	1	1	0	2	0	0	1	1	1	1	1	1	0	0	1	1	0	2	0	1	1	1	0	1	2	0	0	0	0	0	1	1	0	2	1	0	0	0	2	1	0	0	1	0	0	0	0	1	1	0	1	0	2	0	0	0	1	0	0	0	0	2	1	0	0	1	3	0	1
SIM-0011	0	2	0	0	1	1	1	1	1	0	0	0	0	1	0	0	1	0	1	1	0	0	2	0	0	0	1	0	2	0	0	0	0	0	0	1	1	3	3	2	2	0	0	0	2	2	2	1	0	0	0	0	0	1	1	0	0	1	0	0	0	0	1	1	1	0	0	3	0	1	1	0	2	2	1	1	1	1	3	0	3	3	0	1	0	1	1	1	1	0	0	3	1	0	2	1
SIM-0012	0	0	0	0	0	0	2	0	1	0	1	0	1	1	0	1	0	1	0	1	1	0	0	0	1	0	2	1	0	0	0	0	1	1	0	2	0	2	1	0	1	2	0	0	0	1	0	0	2	0	1	1	1	0	0	1	0	0	0	1	2	0	1	1	1	0	0	0	1	2	0	0	0	3	2	1	0	0	1	0	0	0	0	0	1	1	0	1	0	0	0	1	0	0	2	0
SIM-0013	0	0	0	0	0	0	0	0	0	0	0	0	0	0	0	1	0	0	0	0	0	0	0	0	1	0	0	0	0	0	0	0	0	0	0	0	1	0	1	0	0	0	0	1	0	0	0	1	0	0	0	0	0	0	1	0	0	0	0	0	0	1	0	1	0	0	0	1	0	1	0	0	0	1	0	0	0	1	0	0	0	0	0	0	0	0	0	1	0	0	1	0	0	0	0	0
SIM-0014	1	1	1	0	0	0	1	0	0	0	1	0	0	0	0	2	1	0	0	0	0	3	0	0	0	0	0	0	1	0	2	1	0	1	0	1	3	0	1	2	0	0	2	1	1	2	0	1	0	0	1	0	1	1	0	0	0	0	0	0	2	0	1	1	1	0	0	0	1	0	1	1	1	2	1	0	0	0	0	2	0	0	1	0	0	0	1	2	1	2	0	0	2	2	1	2
SIM-0015	2	1	0	0	2	0	0	2	0	0	3	0	0	0	0	0	0	0	0	0	0	2	1	0	1	0	0	0	0	0	0	1	1	0	3	0	1	0	0	1	0	1	3	0	1	1	2	3	1	0	0	0	0	0	0	0	2	0	1	0	0	0	2	1	0	0	0	1	1	1	0	0	0	1	0	0	1	0	0	1	1	0	1	0	0	1	0	0	1	1	0	0	1	0	0	0
SIM-0016	2	1	1	0	1	1	0	2	0	0	1	0	1	1	1	0	0	0	1	0	1	2	0	0	0	2	0	2	0	0	0	1	0	0	1	0	1	1	1	1	1	1	1	1	0	1	0	1	0	0	2	0	0	1	1	1	1	1	0	0	0	1	1	2	3	0	1	2	0	0	2	2	0	0	0	0	1	1	0	2	2	2	0	1	0	2	2	0	1	0	1	0	3	1	0	0
SIM-0017	0	1	1	1	1	0	0	2	0	0	0	0	1	1	1	0	1	0	0	0	1	0	0	2	0	0	0	1	1	0	0	1	0	1	0	0	0	0	1	0	1	0	0	1	0	1	0	1	0	2	0	0	2	0	1	1	1	0	0	0	1	0	1	1	2	0	2	1	0	0	0	1	0	0	0	0	0	1	0	0	0	1	0	0	1	0	0	0	0	0	1	0	0	1	1	0
SIM-0018	3	2	1	0	1	0	2	0	1	2	1	0	2	0	1	1	0	0	0	1	0	2	1	0	0	0	1	1	0	0	0	0	0	0	0	2	0	0	3	1	0	0	0	0	1	1	2	0	0	1	0	2	0	0	1	1	1	2	0	0	1	1	0	1	0	0	0	0	1	0	1	1	0	1	2	0	1	0	1	0	0	0	0	0	0	2	0	1	3	0	0	0	0	1	1	0
SIM-0019	1	1	0	1	0	0	0	0	1	1	3	0	0	0	1	1	0	0	0	3	1	0	0	1	1	1	1	3	0	0	0	1	0	2	0	0	1	2	2	1	1	1	0	2	1	0	1	1	1	0	2	0	0	0	1	0	3	1	2	0	2	0	1	0	0	0	0	0	1	0	0	0	2	0	5	0	0	0	0	1	0	1	0	2	0	0	0	0	1	0	1	1	2	0	0	1
SIM-0020	1	1	0	0	1	0	0	1	1	2	1	0	0	0	0	0	1	0	1	1	0	0	0	0	0	0	1	0	0	1	0	0	0	0	0	0	0	3	1	2	0	0	0	0	0	0	0	1	1	0	1	0	0	0	0	1	1	0	0	0	1	1	0	0	2	0	1	0	0	1	0	1	1	2	1	0	0	0	1	0	0	1	0	1	0	0	0	1	1	1	0	0	1	0	0	2
SIM-0021	1	1	0	0	1	0	0	0	0	1	0	1	1	0	0	1	1	0	2	0	0	0	0	2	0	0	1	0	0	1	1	0	2	1	1	0	0	0	0	0	1	1	0	0	0	0	0	0	1	0	0	0	2	0	1	0	0	1	0	1	1	1	0	0	1	1	1	1	0	0	0	2	3	0	1	1	0	0	0	1	1	0	0	1	2	0	0	0	2	1	0	1	1	1	0	0
SIM-0022	0	2	0	0	0	1	0	0	2	0	1	0	0	0	2	1	0	0	1	1	0	1	0	1	0	0	1	0	0	1	0	0	0	0	0	2	0	1	1	0	0	2	1	0	0	0	0	1	0	0	0	0	0	0	0	1	2	0	1	0	0	1	1	1	1	1	0	0	0	0	1	1	1	0	1	1	0	0	1	1	0	1	0	0	0	0	1	0	0	1	0	1	0	0	0	0
SIM-0023	0	3	1	1	1	1	1	1	0	1	2	0	0	0	0	0	0	2	1	0	0	2	0	0	0	0	0	1	0	0	0	0	0	1	2	1	1	1	0	0	2	0	0	0	0	2	1	0	1	0	0	1	0	1	0	1	1	1	0	1	0	0	1	0	0	0	2	0	0	0	0	0	0	1	1	0	0	0	0	2	0	0	0	2	0	0	0	1	1	0	0	1	0	0	0	0
SIM-0024	0	1	0	0	0	0	3	1	0	1	0	0	0	0	1	0	0	0	0	0	0	0	0	0	1	0	0	1	1	0	1	0	0	1	1	1	0	0	1	0	0	0	0	0	2	0	1	1	1	0	1	0	0	0	0	1	1	0	2	0	2	2	0	1	1	1	0	0	0	0	0	1	2	1	1	0	1	0	1	2	0	1	0	0	2	0	1	1	0	1	0	2	0	2	0	1
SIM-0025	1	0	1	1	1	0	0	0	1	0	0	0	1	0	0	0	1	0	0	1	0	0	0	0	3	0	0	0	1	1	0	0	1	1	1	0	0	0	2	1	0	1	2	0	1	0	0	0	0	0	0	1	0	1	1	1	1	1	2	0	0	0	1	1	0	1	0	1	1	0	0	0	0	0	1	1	0	0	0	0	0	0	0	0	1	1	1	0	0	1	0	0	0	0	3	0
SIM-0026	0	2	0	1	2	0	3	1	0	1	0	1	1	0	1	1	1	2	1	1	0	0	0	1	0	0	3	1	1	1	1	0	0	1	1	0	1	1	0	2	1	1	2	3	1	0	2	1	0	1	4	1	2	1	0	0	1	0	0	0	2	1	1	0	1	0	0	2	0	0	0	0	0	2	2	0	0	2	3	0	2	0	1	1	1	0	0	0	1	0	1	0	0	0	1	0
SIM-0027	1	0	1	0	0	3	0	1	1	0	1	1	1	0	1	0	1	0	0	0	2	1	1	0	1	1	0	0	1	2	0	0	0	1	0	0	0	1	0	1	1	1	1	0	1	1	1	1	0	0	1	1	2	1	1	0	0	1	0	0	0	2	2	2	2	3	0	0	0	3	2	0	1	2	0	1	2	0	1	0	0	1	0	1	0	1	1	1	2	0	0	0	2	0	0	1
SIM-0028	0	3	0	1	0	0	0	0	0	0	2	0	1	1	0	1	0	1	0	0	0	0	0	0	0	0	0	0	2	0	0	0	1	1	1	0	0	0	0	0	1	0	1	0	0	1	1	1	0	0	0	2	2	1	1	0	2	1	2	0	0	0	1	1	0	0	0	0	2	0	0	0	1	1	1	0	0	0	1	0	1	0	1	2	0	0	0	1	1	1	0	0	0	2	0	1
SIM-0029	1	1	2	0	2	1	2	0	1	0	1	0	0	0	1	0	0	0	0	1	1	0	0	1	0	0	1	2	0	0	0	0	0	0	1	0	1	0	1	0	0	1	0	1	0	1	0	2	1	0	0	1	0	0	1	1	3	2	0	0	0	1	0	1	2	0	2	0	0	0	0	0	1	0	0	0	1	0	0	0	1	1	1	0	0	0	2	0	1	0	1	4	0	2	0	1
SIM-0030	1	0	0	1	1	0	0	0	0	0	0	1	0	0	0	0	0	0	0	0	1	1	0	1	0	0	2	0	1	2	0	0	1	0	3	0	1	3	0	0	0	1	0	1	0	1	1	2	0	0	1	0	2	2	0	1	3	0	0	0	0	1	0	1	0	0	1	0	1	0	0	0	1	0	0	4	2	1	1	0	0	0	1	1	3	0	0	0	1	0	0	1	1	1	0	1
SIM-0031	2	1	2	2	2	0	3	0	1	0	4	0	0	0	1	0	0	0	1	0	0	0	1	0	0	0	0	1	0	0	2	0	0	1	3	2	2	0	1	2	1	0	3	1	0	0	1	2	0	0	2	0	0	2	2	0	1	0	0	3	1	1	1	0	2	1	1	3	0	1	0	0	1	0	0	0	1	0	1	1	3	1	0	0	0	1	0	1	2	0	1	0	2	0	1	0
SIM-0032	0	1	1	0	0	0	1	0	0	2	0	3	0	0	1	0	0	1	0	1	0	0	0	1	1	0	0	0	0	0	0	0	3	1	1	3	0	0	0	2	1	1	0	0	1	0	3	1	1	0	0	0	0	0	1	2	0	3	0	0	1	1	0	0	0	0	0	1	2	1	0	0	1	1	1	0	1	1	0	1	1	0	0	2	0	0	1	1	1	0	0	3	1	1	0	2
SIM-0033	0	0	2	1	0	1	0	1	1	0	0	0	0	2	1	0	0	0	0	1	0	1	1	1	0	0	0	0	0	0	1	0	1	0	0	3	1	2	1	0	0	0	2	0	0	1	0	0	1	0	1	0	0	1	0	1	0	0	1	2	0	0	0	0	0	0	0	0	0	1	1	0	0	1	1	1	2	1	1	0	0	1	0	0	0	0	0	0	1	2	1	0	1	1	1	0
SIM-0034	0	1	1	2	0	0	2	2	2	0	1	1	2	0	1	0	0	3	0	0	0	1	0	1	2	0	1	0	2	0	1	0	2	1	1	2	0	2	1	2	2	0	0	1	0	2	1	0	1	0	0	0	0	1	1	1	1	1	1	1	1	0	0	0	0	0	1	2	0	1	0	0	1	1	1	2	3	1	1	1	1	0	1	0	1	0	0	0	1	0	1	1	0	1	0	0
SIM-0035	1	0	0	0	0	1	1	0	1	0	1	0	1	0	0	0	0	0	0	0	0	0	1	0	1	0	0	0	1	0	0	0	0	1	2	1	1	0	1	0	0	1	1	2	0	0	1	0	1	0	0	0	3	2	0	0	0	3	0	2	0	0	2	1	0	0	0	0	1	0	0	0	2	0	1	0	0	1	1	0	1	1	0	0	2	0	2	2	0	1	1	2	1	1	1	1
SIM-0036	0	0	1	0	0	0	1	1	0	0	1	2	0	0	1	0	0	0	0	3	0	0	0	0	0	1	0	3	1	2	0	0	1	0	1	1	0	0	0	0	1	1	0	2	1	1	2	1	0	0	1	0	0	1	0	0	1	1	0	1	1	0	0	0	0	0	1	1	0	0	0	2	0	0	1	0	0	0	1	0	1	0	1	0	0	1	2	0	1	0	0	0	0	1	0	1
SIM-0037	3	2	0	0	1	0	0	2	1	0	0	1	0	0	1	1	0	0	1	0	2	2	1	0	0	0	1	0	0	0	0	0	0	1	1	1	3	1	0	2	0	2	1	2	4	0	1	2	1	0	0	1	0	0	1	1	1	0	0	1	0	0	0	0	1	2	1	0	0	0	0	0	0	2	1	0	0	1	0	2	0	0	1	0	0	1	0	0	0	0	0	1	0	0	0	0
SIM-0038	0	0	0	0	0	0	0	1	0	0	0	0	0	0	2	1	0	0	0	1	1	1	0	0	0	0	1	0	1	0	0	0	0	1	0	1	1	1	1	1	2	0	1	0	1	0	1	2	1	0	0	1	0	0	0	2	2	0	0	0	1	0	0	2	1	1	1	0	0	1	1	0	0	0	2	1	0	0	1	0	1	0	1	0	0	2	1	0	1	0	0	0	0	0	1	0
SIM-0039	0	5	0	1	0	0	0	0	0	1	2	2	0	0	0	1	1	0	0	0	0	0	2	1	1	0	0	2	0	1	1	1	0	2	1	0	0	2	2	1	1	0	1	1	2	1	1	2	2	0	0	0	0	0	0	1	0	0	1	1	1	0	0	0	1	0	1	1	1	0	1	1	0	0	0	0	0	0	0	0	0	2	0	2	0	2	0	2	0	0	0	0	0	1	1	0
SIM-0040	0	2	2	1	0	0	0	2	1	1	0	0	0	0	1	0	0	0	0	1	1	1	0	0	1	0	0	0	2	0	0	0	0	1	3	1	3	0	0	0	1	1	1	2	1	2	4	1	0	2	1	1	1	1	0	2	0	0	1	1	0	1	0	2	2	2	1	0	0	0	2	1	3	2	1	0	1	2	0	0	4	0	1	0	2	2	2	0	1	2	0	3	0	2	1	1
SIM-0041	0	0	1	3	0	1	1	1	1	0	0	1	1	2	0	0	1	0	1	0	0	1	1	0	0	2	0	1	3	0	0	1	2	0	0	2	3	3	0	1	4	4	0	0	1	2	1	1	1	1	0	2	0	1	1	0	1	1	0	0	1	1	0	2	0	0	0	2	4	0	1	2	0	0	0	0	0	1	4	0	1	1	1	0	2	0	1	2	0	1	1	2	2	1	0	3
SIM-0042	0	0	0	0	1	0	0	2	1	1	2	0	0	1	1	0	2	0	0	0	0	0	0	1	0	0	2	3	0	1	0	0	1	1	1	0	0	0	1	0	0	1	1	2	2	2	2	0	2	1	1	0	0	0	1	0	1	1	0	0	2	2	1	1	0	0	0	1	0	1	0	0	0	0	0	0	0	2	2	1	1	0	0	1	1	1	0	0	0	1	0	0	0	0	0	1
SIM-0043	0	1	1	0	0	0	1	0	0	0	1	0	0	0	2	0	0	0	0	0	0	0	1	1	0	1	1	0	0	1	0	1	1	1	0	1	1	3	0	0	1	1	0	0	1	1	2	2	0	1	0	0	0	0	0	0	1	0	1	0	0	1	1	0	0	1	1	0	1	0	0	0	0	0	1	0	0	0	1	1	0	1	0	0	0	1	0	0	0	0	0	2	0	0	2	1
SIM-0044	0	0	0	0	1	0	1	1	0	1	0	2	1	1	0	0	0	1	0	0	2	1	0	2	0	0	0	0	1	0	0	0	0	0	0	2	0	1	0	0	1	1	0	1	1	0	0	0	1	0	0	0	2	0	0	0	3	1	0	0	1	0	0	1	0	0	0	1	0	0	0	0	0	0	2	1	0	0	0	0	0	2	0	0	0	0	0	0	2	0	0	2	1	0	0	0
SIM-0045	1	0	0	0	0	0	1	1	0	0	0	0	0	0	0	0	0	0	1	1	0	0	1	0	0	2	1	0	0	0	1	0	2	1	1	0	0	0	1	0	2	0	3	0	0	1	0	0	0	1	1	1	0	0	0	1	1	0	0	0	2	0	1	0	1	0	0	1	0	0	0	0	0	0	2	0	0	1	1	1	0	1	0	0	0	2	0	1	1	0	1	0	1	0	0	2
SIM-0046	0	2	2	0	2	1	0	0	2	2	2	1	0	0	0	1	1	1	0	2	0	3	0	3	1	1	0	2	0	1	0	0	0	0	0	0	1	1	0	1	0	3	0	1	1	0	1	0	1	2	0	0	0	1	1	1	0	0	0	2	1	1	0	0	0	0	1	0	1	1	0	0	2	1	1	2	1	0	1	2	0	2	1	0	1	1	0	1	1	0	0	1	2	1	0	0
SIM-0047	1	1	1	1	1	2	2	1	1	2	1	0	0	1	1	0	0	0	0	0	1	0	2	1	2	0	0	1	1	0	1	1	2	0	0	0	5	0	0	1	1	0	0	2	1	1	0	1	1	0	1	0	0	1	0	1	1	2	0	1	1	1	1	0	1	0	0	0	0	0	0	0	0	1	1	0	0	1	3	0	2	2	0	0	2	0	0	0	0	0	3	2	0	3	0	1
SIM-0048	1	1	1	0	0	0	1	1	0	1	1	0	0	2	0	0	1	1	0	0	0	0	0	0	1	1	0	0	1	3	1	0	1	0	0	0	0	0	0	2	0	2	0	0	1	1	0	0	0	1	1	1	0	2	1	0	1	1	1	0	1	0	1	0	1	0	0	0	1	0	1	2	1	0	2	2	0	0	1	0	0	1	0	1	0	1	0	0	1	0	1	0	0	0	0	0
SIM-0049	0	0	1	0	1	0	1	0	0	0	0	1	1	0	3	0	0	0	1	1	1	0	0	3	0	0	0	0	0	1	0	0	2	1	1	1	0	0	1	2	2	2	1	1	0	0	1	1	0	0	2	0	1	1	0	1	1	1	0	0	1	0	1	0	1	1	0	1	2	0	0	1	0	2	0	1	1	0	0	1	1	1	4	1	3	1	0	1	0	1	0	2	1	1	0	0
SIM-0050	1	0	0	0	1	0	0	0	0	0	1	0	2	1	2	2	3	1	0	0	1	0	0	1	1	0	0	1	0	1	0	2	2	0	1	1	2	0	2	1	0	0	1	0	2	1	1	0	0	1	1	2	0	0	3	0	1	2	0	0	1	0	1	0	1	1	2	0	0	0	0	0	0	1	1	1	0	1	0	1	1	0	0	1	2	1	0	0	0	0	3	1	3	0	1	0
SIM-0051	0	1	0	0	1	1	2	2	2	1	0	1	0	1	0	0	0	1	1	0	1	0	0	0	1	0	0	0	0	0	1	0	0	1	1	0	0	2	3	1	2	0	2	0	0	1	1	1	2	0	0	0	0	0	0	1	0	1	0	2	0	1	0	0	0	0	0	0	0	0	0	0	1	0	1	0	0	0	0	0	1	1	0	1	0	0	1	2	5	4	0	2	0	0	0	2
SIM-0052	0	2	0	1	0	0	0	1	2	2	0	0	0	1	3	0	1	2	1	0	0	0	1	1	0	0	2	1	0	1	0	1	0	0	2	2	0	1	0	1	0	0	0	1	1	0	0	0	2	0	1	2	2	0	1	1	1	0	1	0	1	0	1	1	1	0	0	1	1	2	0	1	0	0	1	0	1	2	1	1	0	0	0	1	0	0	0	1	0	2	0	0	2	3	2	2
SIM-0053	2	0	0	0	0	1	0	0	1	0	0	1	0	0	0	0	1	0	0	2	0	0	0	1	2	1	1	1	0	0	0	0	0	0	0	0	0	0	0	0	0	0	1	1	1	0	2	0	0	0	1	1	0	1	2	2	0	1	0	1	0	0	1	1	0	1	0	0	0	2	1	1	0	0	1	0	0	2	0	1	0	0	0	0	0	1	0	0	1	2	2	0	2	0	0	2
SIM-0054	1	2	1	0	1	0	0	0	0	1	1	1	1	1	2	1	0	0	1	1	0	1	3	1	2	0	0	0	0	0	0	0	1	1	3	1	0	0	1	0	0	3	1	0	1	3	1	0	0	0	1	0	1	0	1	0	0	2	0	2	2	0	0	0	2	1	3	0	2	0	1	0	1	1	0	0	1	4	1	1	1	0	0	1	0	0	0	0	1	0	1	1	2	1	2	0
SIM-0055	0	0	1	2	2	0	1	0	1	0	0	0	1	0	0	0	1	0	0	2	0	0	0	0	1	1	1	0	0	0	0	2	1	0	2	1	1	1	1	0	1	3	1	1	1	0	0	0	0	0	0	0	2	0	0	1	1	1	0	0	1	0	0	1	1	0	0	0	0	1	0	0	3	0	2	0	0	1	0	0	3	1	0	0	1	2	0	0	0	2	3	1	1	2	1	1
SIM-0056	0	1	0	0	1	0	1	0	0	0	0	0	0	1	0	1	3	0	0	0	1	1	0	1	1	1	0	0	1	0	1	1	1	0	0	2	0	2	1	1	1	0	3	0	0	1	2	0	0	1	1	0	0	0	1	1	3	0	0	0	1	0	0	1	1	0	0	0	1	0	1	0	0	0	0	0	0	0	0	1	0	0	0	0	0	0	1	2	0	0	0	2	0	2	0	0
SIM-0057	0	0	3	2	0	1	3	2	2	1	0	1	1	0	2	2	0	0	2	0	1	0	0	0	1	1	0	1	1	0	2	2	2	0	0	0	1	1	1	1	1	0	1	0	1	1	0	1	0	0	1	0	2	1	1	1	2	2	4	0	3	1	0	0	0	0	1	2	0	1	1	0	3	0	2	1	0	0	1	0	1	1	2	0	0	1	1	3	0	2	1	1	1	0	0	0
SIM-0058	1	1	1	0	0	0	0	0	1	1	0	0	0	0	0	0	1	0	0	2	0	1	1	0	2	0	0	0	1	3	0	0	0	0	2	1	0	1	3	1	0	0	0	0	0	0	1	0	1	1	0	0	0	0	0	0	1	0	0	0	0	0	1	0	0	0	0	0	1	0	0	0	1	0	0	0	0	0	0	1	1	0	0	0	0	0	0	0	0	0	0	0	0	0	0	1
SIM-0059	1	0	0	0	0	0	1	0	2	1	1	1	0	0	1	0	1	0	1	1	0	0	0	1	2	0	0	0	0	0	0	0	1	0	1	1	0	0	0	0	0	1	1	1	1	1	1	1	0	0	0	0	0	1	0	2	0	1	0	0	0	0	0	0	1	0	1	0	0	0	1	1	1	1	0	0	1	3	1	0	0	1	3	0	0	3	0	0	0	0	0	1	0	0	0	3
SIM-0060	1	2	2	0	0	3	0	1	1	1	0	0	2	0	1	0	2	0	1	0	1	3	1	1	0	1	2	1	0	2	0	1	0	2	1	1	1	1	1	0	1	0	0	1	1	3	4	3	1	1	1	0	0	0	0	1	2	2	1	1	0	1	0	0	2	1	0	0	1	0	0	3	0	0	1	1	1	1	1	4	0	1	1	1	2	2	2	1	1	2	0	1	3	0	2	0
