Type	SBS3	SBS5	SBS39	SBS40a	SBS40b	SBS40c
A[C>A]A	0.020919748901364	0.0120520477511521	0.0117479310625287	0.0365374518315833	0.0140587339831427	0.0037758550931518
A[C>A]C	0.0163431924792873	0.0093370867658328	0.0070703579676878	0.0165825117804197	0.004665315367258	0.0062176569795833
A[C>A]G	0.0018075484900654	0.0019081396861477	0.0027532497655835	0.0038640933084704	0.0011747067883266	0.0020835700633759
A[C>A]T	0.0122650657574503	0.0066358714827477	0.0074271835461458	0.0154885536545864	0.0049691131071452	0.0082116889778586
A[C>G]A	0.019813416186276	0.0101438068572197	0.0474937735900867	0.0082455106797974	0.0074806175442485	0.0089362051244185
A[C>G]C	0.0115888090865728	0.0056378595937761	0.0222493766642984	0.0055567103173237	0.0100957860891179	0.0042770280548804
A[C>G]G	0.0002613196609265	0.0017740541946887	0.0140240442749659	0.0015433813252106	0.0016856857649386	0.0031452845241797
A[C>G]T	0.0174927988515174	0.0101395313125191	0.0435594288282364	0.0083887042556458	0.0217633515555392	0.0072266125671709
A[C>T]A	0.0142817516054814	0.0327413973951681	0.0096393280513056	0.0287499881570229	0.0168310703028714	0.0249384951650836
A[C>T]C	0.0122821565202873	0.0177048583101019	0.0039949989899763	0.020279441090829	0.0065380003105832	0.0204856705411997
A[C>T]G	0.0026545140682676	0.006374217978591	0.0061870783566026	0.0135732395316337	0.006452139820839	0.0079822507719118
A[C>T]T	0.0121645324480439	0.0220861088135625	0.012847020187928	0.0225881983430975	0.0132832134449546	0.0232926359304088
A[T>A]A	0.0054714885570339	0.0073447321328131	0.0052833578378335	0.0099556744708573	0.0087151454626012	0.0094234865172811
A[T>A]C	0.0072397545058181	0.0069487754456015	0.0028871104601808	0.005514273739337	0.0066866201216668	0.005007294587502
A[T>A]G	0.009610497449143	0.0090792528278283	0.006907337228598	0.0092784552082663	0.0082759643969482	0.0090689762401839
A[T>A]T	0.0060947873582934	0.0061758322936183	0.006094683888865	0.0111344085456127	0.0117484604144803	0.0238006031846918
A[T>C]A	0.0164443645102319	0.0459792194076382	0.0111438062385014	0.0168025091498272	0.0171752940041813	0.0249518930919013
A[T>C]C	0.0077920241904438	0.0134363056163385	0.0056539252358851	0.0031273108284538	0.0046840521036318	0.0111430818129927
A[T>C]G	0.0122623561538239	0.038029328529077	0.0095946298877627	0.0081057149377273	0.0139595537796336	0.0293741740274186
A[T>C]T	0.0172569267308511	0.0381507079354381	0.0135437410901588	0.0183883724313335	0.0191368168487549	0.0224666710678222
A[T>G]A	0.0039366814816898	0.0038415536629618	0.0038605324775395	0.0053656698766899	0.0119115084155381	0.0044422828291051
A[T>G]C	0.0026107294182304	0.0026070441787249	0.0029773329752924	0.0046643256848514	0.015139339703342	0.003067460737725
A[T>G]G	0.0062807189813112	0.0079045249400172	0.0076239490024409	0.0052278556308706	0.0132578901906965	0.00706476217507
A[T>G]T	0.0039601158668155	0.0048111725771252	0.0063934428835008	0.011545047340361	0.0404248598117519	0.009175863225798
C[C>A]A	0.0223756965608661	0.0073785208730965	0.0100276184376346	0.0136547975001982	0.0085070678350601	0.008435140310258
C[C>A]C	0.0249915578618404	0.0060565825103745	0.0089347705531489	0.0106897311599297	0.0056978220334636	0.0115453059564697
C[C>A]G	0.0025190806029569	0.003467615766847	0.0057512557096968	0.0016220865549749	0.0009546761886607	0.0031582466749294
C[C>A]T	0.0153153801105864	0.0064452271431041	0.0059869658362944	0.0066619183587764	0.0097833583098669	0.017621345649743
C[C>G]A	0.0191933748436517	0.006911777291622	0.0285936050498888	0.0039953509032369	0.0069616759432097	0.007074114954199
C[C>G]C	0.0139281011907095	0.0089467757930126	0.0371789019152881	0.0043035510643422	0.0119137988749552	0.0082106656162596
C[C>G]G	0.0015054266551535	0.0024954807108234	0.0123241198072777	0.0009315812925362	0.0010676850494247	0.002659348117188
C[C>G]T	0.022177467101682	0.0094642549574395	0.039913105906208	0.0063209118681139	0.0217000420392863	0.0104026640047149
C[C>T]A	0.0160110541205149	0.0192655871222166	0.0090447129662333	0.0246241478589448	0.0121730905156435	0.0220702583071994
C[C>T]C	0.0199537337537885	0.0187418686897249	0.003806646287047	0.0287567133396746	0.0097480881716154	0.0237306118740127
C[C>T]G	0.0022481038050292	0.0175385200543738	0.0075848443665724	0.0065544720776628	0.002908945066139	0.0080741129507334
C[C>T]T	0.0228736206526989	0.0229406399772299	0.0069401148088944	0.0286872609881033	0.0104011481493376	0.0352831277736127
C[T>A]A	0.0079385558963515	0.0035343596448634	0.0049309470515216	0.0024535128426639	0.0033502042029706	0.0052024628090956
C[T>A]C	0.0178506160087385	0.0051974104826993	0.0064476498448719	0.006646008210568	0.0087060530862634	0.0138375530020994
C[T>A]G	0.0131978315104131	0.0050021053747506	0.00678765801833	0.0057185517964723	0.0051525705670816	0.0119473843306585
C[T>A]T	0.0127807649874798	0.00432123657399	0.0083088519745734	0.009537001552757	0.0094658184798534	0.0128236889902169
C[T>C]A	0.0088283939137659	0.0132788098338279	0.0073265489549042	0.0060919443927236	0.0133364724108102	0.0256865177139641
C[T>C]C	0.0145412316970457	0.0104148495221721	0.0079193959507091	0.0049346770072006	0.0055935576496828	0.0160875310174381
C[T>C]G	0.0100983412463389	0.0207672249097643	0.0077558973711392	0.0051325021326328	0.0081933017983586	0.0268510826318127
C[T>C]T	0.0159004797906221	0.0149735882033843	0.0086303557215043	0.0068039796219578	0.0111903053814704	0.0245306350606779
C[T>G]A	0.0043692056467228	0.0025858732994905	0.0052902875366365	0.0015241073259609	0.0045060497116819	0.003062929619144
C[T>G]C	0.0070600187288432	0.0046165823362705	0.0073987788458401	0.0026439464791882	0.0104485018647828	0.0037965088378633
C[T>G]G	0.0106982425877726	0.0061203405084274	0.0098121586763032	0.0021418741123792	0.0072306631463677	0.005651440696139
C[T>G]T	0.0070747068105418	0.0073360527884017	0.0049632076891287	0.0043252706876243	0.0185606488424017	0.0095406241044205
G[C>A]A	0.0071437901697087	0.0102053005328143	0.0068819265474517	0.0101485634820155	0.0037104422831303	0.0038635659887639
G[C>A]C	0.0107709806408535	0.0075487776035807	0.0068563970811947	0.0108467136219112	0.0040495797204349	0.0060546242284724
G[C>A]G	0.0014441259650098	0.0023597795019005	0.0045671966190678	0.0035660387479353	0.0007895437119144	0.0012728545098807
G[C>A]T	0.0099688017004368	0.0067891244976099	0.005861930228937	0.0063041131509647	0.0052323947390428	0.0069136047699447
G[C>G]A	0.0127245633545151	0.0046824320091736	0.0240067184210294	0.0026632786745731	0.0022920115810644	0.0044119425866615
G[C>G]C	0.0085278492337946	0.0050127830361032	0.0210131291114027	0.0030390388909642	0.0035799239299554	0.006412502951258
G[C>G]G	0.0024439054792473	0.0015227636956708	0.0099409621596827	0.0006500343715338	0.0008276868257765	0.0016842014646645
G[C>G]T	0.0146541375629496	0.0066895772175863	0.0322455917837535	0.0031074039340596	0.0069415950003554	0.0052570526635396
G[C>T]A	0.0164317200253681	0.0194100824062686	0.0080322479717177	0.0298096634473277	0.0103385474148252	0.0153300994196794
G[C>T]C	0.0132413885916144	0.0213141965735465	0.00443939347424	0.0250233064869002	0.0060701765687637	0.0183681430938537
G[C>T]G	0.0005332155390318	0.0124039691766568	0.0055249967093648	0.0093492190442179	0.0019907504671642	0.0056800819103671
G[C>T]T	0.0112647456624084	0.0185157950800626	0.0085689668832668	0.0230592399635111	0.0079404846652624	0.0225181548273468
G[T>A]A	0.0070178500034151	0.0036429391000458	0.0049222477691761	0.003110389652909	0.0051638717898947	0.0037861550423351
G[T>A]C	0.0074522064095451	0.0028950944467443	0.0035011312360154	0.0036961078880949	0.0048146958474077	0.0036418573764862
G[T>A]G	0.0116525309402036	0.0041227837005331	0.0066891430852791	0.0045280914294443	0.0063048239355451	0.0056418760420085
G[T>A]T	0.0124761835431607	0.0032615119398787	0.0041417355993107	0.0050047529628534	0.0063922480142011	0.0062070944703811
G[T>C]A	0.0099204174430198	0.013996034047497	0.0074131429155542	0.0047914202209193	0.0116429183511561	0.0059672238148622
G[T>C]C	0.0056190435805166	0.0078993298649999	0.0068530660583746	0.0028963153428509	0.0032402561673828	0.0043070218484406
G[T>C]G	0.0109493610908617	0.0150466568446727	0.0057564738451904	0.0033792165420852	0.0059862757286639	0.0079486217951092
G[T>C]T	0.0103461037722516	0.013876620136181	0.0076049953122891	0.0083526298874713	0.0068228602798403	0.0070464762576464
G[T>G]A	0.0043936118467823	0.0025014186736009	0.0033046542142484	0.0010432544488331	0.0032901093674834	0.0014455479005152
G[T>G]C	0.002331304902134	0.0017012410666435	0.0057689087675073	0.0010207205975607	0.0030302546523204	0.0007948975774012
G[T>G]G	0.0109493610908617	0.0053164850639478	0.0077421571316011	0.0017530322450717	0.0031172407138713	0.0029810333713924
G[T>G]T	0.0059135081874418	0.0023802959809673	0.0060151361436088	0.0019779138619766	0.0078509191264067	0.0018042050959025
T[C>A]A	0.0084591899411046	0.0078948121912816	0.006005047051498	0.0276314017049772	0.0232842143560834	0.0114366935930285
T[C>A]C	0.0168674754209661	0.0091938325643948	0.0078785399515467	0.0294450790665629	0.0127069366423172	0.0077760695750909
T[C>A]G	0.0014401527211376	0.002345869239359	0.0030692929851574	0.0055441199202101	0.0014964032884394	0.0019046586604844
T[C>A]T	0.0100712421035221	0.0128108537635617	0.0066055895067529	0.0240286720915988	0.0169691419553481	0.0131298268303629
T[C>G]A	0.0133777918853584	0.0078445907396831	0.0348453374225355	0.0082526139698721	0.0084522704930237	0.0061937834458869
T[C>G]C	0.0203815321730749	0.0076197521798692	0.0367865670156391	0.0079101965383933	0.0172537125556969	0.0101329085059676
T[C>G]G	0.0005311201524762	0.001744102782306	0.0098095025539004	0.0009593560218176	0.0015896837392982	0.0024914081996044
T[C>G]T	0.0237386341267148	0.01260910704196	0.0511302853488985	0.0165293156947371	0.0260463731328563	0.0112024268693347
T[C>T]A	0.005793690454839	0.0203899103536143	0.0038962504716821	0.0424034451412906	0.0286880235190346	0.0206541311282893
T[C>T]C	0.0133534176652426	0.0230597773366142	0.0052924537830543	0.0460106913146298	0.012826987968787	0.0200157129953521
T[C>T]G	0.0010101500830041	0.0162170970661512	0.0049557362153393	0.0072085899048393	0.002365008430825	0.0067602643415841
T[C>T]T	0.0082529630445	0.0211833008394231	0.0042658995635672	0.0338697361527916	0.0120506058496595	0.0271704332582201
T[T>A]A	0.0064302475409106	0.0062238988194316	0.0065971328803644	0.009380527738054	0.0129947094772358	0.0093421277382508
T[T>A]C	0.0107026944836848	0.0042139620054304	0.0037550230380878	0.0092852173923913	0.017667202190796	0.0108963951628796
T[T>A]G	0.0067624330457715	0.0048206148535554	0.0054935807145987	0.0056642625616618	0.0099396435488723	0.0076933250759926
T[T>A]T	0.0130533459365718	0.0087735026074071	0.0107261697105796	0.0182688634336749	0.0411748920726012	0.0189830167578906
T[T>C]A	0.015013788090539	0.0177543874762145	0.0058575435325972	0.0072531472604202	0.0181716681427329	0.0144804262814511
T[T>C]C	0.0091635443606648	0.0098834712736061	0.0065534812055799	0.003119952302652	0.0057530455664134	0.0068924486769172
T[T>C]G	0.0069841521289964	0.0127811719126791	0.0050106279779413	0.003726630897059	0.0063428925745456	0.0098562660930466
T[T>C]T	0.0139570389778219	0.0185496922299759	0.0095031864758094	0.0079305304725838	0.0123821982808247	0.011785624990715
T[T>G]A	0.0071611818649707	0.0051487720820021	0.0082735342845146	0.0054845775858615	0.0147584677586312	0.0041165870168672
T[T>G]C	0.0064012304055822	0.0066771958346917	0.0051695159840159	0.0065341040071762	0.0250470931139099	0.0043902768081465
T[T>G]G	0.0081129038254142	0.0069843563849007	0.0073247746214715	0.0042130542517676	0.0139340177992705	0.0057600904807825
T[T>G]T	0.0105430874886548	0.0135362621686004	0.0109266588640484	0.0149621544305573	0.0490204120103501	0.0107534542133726
