tier	v1_figure	tolerance_rel	tolerance_abs	values_scanned_count	any_match_found	matching_locations
TIER_1_DESIGN_LEVEL_TRUTH	-3.54	0.001	1e-06	16	False	
TIER_1_DESIGN_LEVEL_TRUTH	34.0	0.001	1e-06	16	False	
TIER_1_DESIGN_LEVEL_TRUTH	0.9598	0.001	1e-06	16	False	
TIER_1_DESIGN_LEVEL_TRUTH	0.9976	0.001	1e-06	16	False	
TIER_1_DESIGN_LEVEL_TRUTH	15.13	0.001	1e-06	16	False	
TIER_1_DESIGN_LEVEL_TRUTH	4.45	0.001	1e-06	16	False	
TIER_1_DESIGN_LEVEL_TRUTH	0.99	0.001	1e-06	16	False	
TIER_1_DESIGN_LEVEL_TRUTH	80.0	0.001	1e-06	16	False	
TIER_1_DESIGN_LEVEL_TRUTH	91.7	0.001	1e-06	16	False	
TIER_2_RAW_PER_OBSERVATION	-3.54	0.001	1e-06	1197504	False	
TIER_2_RAW_PER_OBSERVATION	34.0	0.001	1e-06	1197504	True	SIMULATED_sample_metadata.tsv:row26:normal_depth=34.0; SIMULATED_sample_metadata.tsv:row43:normal_depth=34.0; SIMULATED_sample_metadata.tsv:row67:normal_depth=34.0; SIMULATED_sample_metadata.tsv:row89:normal_depth=34.0; SIMULATED_sample_metadata.tsv:row143:normal_depth=34.0; SIMULATED_sample_metadata.tsv:row168:normal_depth=34.0; SIMULATED_sample_metadata.tsv:row194:normal_depth=34.0; SIMULATED_sample_metadata.tsv:row265:normal_depth=34.0; SIMULATED_sample_metadata.tsv:row269:normal_depth=34.0; SIMULATED_sample_metadata.tsv:row314:normal_depth=34.0; SIMULATED_sample_metadata.tsv:row319:normal_depth=34.0; SIMULATED_sample_metadata.tsv:row324:normal_depth=34.0; SIMULATED_sample_metadata.tsv:row356:normal_depth=34.0; SIMULATED_sample_metadata.tsv:row390:normal_depth=34.0; SIMULATED_sample_metadata.tsv:row431:normal_depth=34.0; SIMULATED_sample_metadata.tsv:row466:normal_depth=34.0; SIMULATED_sample_metadata.tsv:row498:normal_depth=34.0; SIMULATED_sample_metadata.tsv:row503:normal_depth=34.0; SIMULATED_sample_metadata.tsv:row515:gis_score=33.976; SIMULATED_sample_metadata.tsv:row594:normal_depth=34.0 ... (11548 total)
TIER_2_RAW_PER_OBSERVATION	0.9598	0.001	1e-06	1197504	False	
TIER_2_RAW_PER_OBSERVATION	0.9976	0.001	1e-06	1197504	True	SIMULATED_sample_metadata.tsv:row7498:gis_score=0.9978
TIER_2_RAW_PER_OBSERVATION	15.13	0.001	1e-06	1197504	True	SIMULATED_sample_metadata.tsv:row4923:gis_score=15.141; SIMULATED_sample_metadata.tsv:row6262:gis_score=15.1433; SIMULATED_sample_metadata.tsv:row8075:gis_score=15.1353; SIMULATED_sample_metadata.tsv:row8463:gis_score=15.116; SIMULATED_sample_metadata.tsv:row8890:gis_score=15.1229; SIMULATED_sample_metadata.tsv:row8993:gis_score=15.1152
TIER_2_RAW_PER_OBSERVATION	4.45	0.001	1e-06	1197504	True	SIMULATED_sample_metadata.tsv:row593:ploidy=4.4528; SIMULATED_sample_metadata.tsv:row884:ploidy=4.4486; SIMULATED_sample_metadata.tsv:row1085:ploidy=4.4467; SIMULATED_sample_metadata.tsv:row1553:ploidy=4.448; SIMULATED_sample_metadata.tsv:row2067:ploidy=4.4506; SIMULATED_sample_metadata.tsv:row2235:ploidy=4.4503; SIMULATED_sample_metadata.tsv:row3510:gis_score=4.4511; SIMULATED_sample_metadata.tsv:row3710:ploidy=4.4471; SIMULATED_sample_metadata.tsv:row4902:ploidy=4.4507; SIMULATED_sample_metadata.tsv:row5806:ploidy=4.4532; SIMULATED_sample_metadata.tsv:row6129:ploidy=4.4544; SIMULATED_sample_metadata.tsv:row6631:ploidy=4.4483; SIMULATED_sample_metadata.tsv:row6784:ploidy=4.4481; SIMULATED_sample_metadata.tsv:row7399:ploidy=4.4513; SIMULATED_sample_metadata.tsv:row8586:ploidy=4.4518; SIMULATED_sample_metadata.tsv:row8689:ploidy=4.4456; SIMULATED_sample_metadata.tsv:row9032:ploidy=4.4459; SIMULATED_sample_metadata.tsv:row9401:ploidy=4.4507; SIMULATED_sample_metadata.tsv:row9573:ploidy=4.4493; SIMULATED_sample_metadata.tsv:row10062:ploidy=4.4459 ... (21 total)
TIER_2_RAW_PER_OBSERVATION	0.99	0.001	1e-06	1197504	False	
TIER_2_RAW_PER_OBSERVATION	80.0	0.001	1e-06	1197504	True	SIMULATED_sample_metadata.tsv:row299:gis_score=80.0031; SIMULATED_variant_calls.tsv:row429:tumor_ref_reads=80.0; SIMULATED_variant_calls.tsv:row1026:tumor_ref_reads=80.0; SIMULATED_variant_calls.tsv:row1040:tumor_alt_reads=80.0; SIMULATED_variant_calls.tsv:row1051:tumor_alt_reads=80.0; SIMULATED_variant_calls.tsv:row1165:tumor_alt_reads=80.0; SIMULATED_variant_calls.tsv:row1194:tumor_alt_reads=80.0; SIMULATED_variant_calls.tsv:row1665:tumor_alt_reads=80.0; SIMULATED_variant_calls.tsv:row1762:tumor_alt_reads=80.0; SIMULATED_variant_calls.tsv:row1763:tumor_alt_reads=80.0; SIMULATED_variant_calls.tsv:row1780:tumor_alt_reads=80.0; SIMULATED_variant_calls.tsv:row3567:tumor_ref_reads=80.0; SIMULATED_variant_calls.tsv:row4753:tumor_alt_reads=80.0; SIMULATED_variant_calls.tsv:row4759:tumor_ref_reads=80.0; SIMULATED_variant_calls.tsv:row4792:tumor_ref_reads=80.0; SIMULATED_variant_calls.tsv:row5357:tumor_alt_reads=80.0; SIMULATED_variant_calls.tsv:row5399:tumor_alt_reads=80.0; SIMULATED_variant_calls.tsv:row5469:tumor_ref_reads=80.0; SIMULATED_variant_calls.tsv:row5517:tumor_alt_reads=80.0; SIMULATED_variant_calls.tsv:row6578:tumor_alt_reads=80.0 ... (250 total)
TIER_2_RAW_PER_OBSERVATION	91.7	0.001	1e-06	1197504	True	SIMULATED_sample_metadata.tsv:row1375:gis_score=91.6776
