sample_id	total_mutations	bin_label	sbs3_relative_exposure_true	recovered_exome_normalized	recovered_no_normalization	abs_error_normalized	abs_error_no_normalization	normalization_improves
SIM-00028	111	[105,116)	0.3991	0.468468	0.495495	0.069368	0.096395	True
SIM-00064	44	[35,45)	0.2639	0.0	0.0	0.2639	0.2639	False
SIM-00082	72	[65,75)	0.304	0.0	0.0	0.304	0.304	False
SIM-00100	52	[45,55)	0.428	0.0	0.0	0.428	0.428	False
SIM-00163	48	[45,55)	0.3177	0.0	0.0	0.3177	0.3177	False
SIM-00166	43	[35,45)	0.3292	0.0	0.0	0.3292	0.3292	False
SIM-00207	21	[15,25)	0.3238	0.0	0.0	0.3238	0.3238	False
SIM-00225	97	[95,105)	0.3674	0.0	0.0	0.3674	0.3674	False
SIM-00313	95	[95,105)	0.2703	0.0	0.0	0.2703	0.2703	False
SIM-00400	71	[65,75)	0.3995	0.0	0.0	0.3995	0.3995	False
SIM-00423	6	[5,15)	0.4283	0.0	0.0	0.4283	0.4283	False
SIM-00428	58	[55,65)	0.1332	0.0	0.0	0.1332	0.1332	False
SIM-00460	42	[35,45)	0.1379	0.0	0.0	0.1379	0.1379	False
SIM-00529	60	[55,65)	0.3453	0.0	0.55	0.3453	0.2047	False
SIM-00574	86	[85,95)	0.6005	0.0	0.0	0.6005	0.6005	False
SIM-00591	45	[45,55)	0.4297	0.0	0.0	0.4297	0.4297	False
SIM-00780	97	[95,105)	0.283	0.0	0.453608	0.283	0.170608	False
SIM-00851	29	[25,35)	0.2467	0.0	0.0	0.2467	0.2467	False
SIM-00875	44	[35,45)	0.2775	0.0	0.0	0.2775	0.2775	False
SIM-00883	105	[105,116)	0.2159	0.0	0.0	0.2159	0.2159	False
SIM-00905	67	[65,75)	0.2576	0.0	0.0	0.2576	0.2576	False
SIM-00947	76	[75,85)	0.1751	0.0	0.0	0.1751	0.1751	False
SIM-00994	20	[15,25)	0.4914	0.0	0.0	0.4914	0.4914	False
SIM-01023	37	[35,45)	0.3631	0.0	0.0	0.3631	0.3631	False
SIM-01046	21	[15,25)	0.4226	0.0	0.0	0.4226	0.4226	False
SIM-01082	105	[105,116)	0.1171	0.0	0.0	0.1171	0.1171	False
SIM-01146	23	[15,25)	0.3778	0.0	0.0	0.3778	0.3778	False
SIM-01151	56	[55,65)	0.3062	0.0	0.0	0.3062	0.3062	False
SIM-01227	96	[95,105)	0.2452	0.53125	0.0	0.28605	0.2452	False
SIM-01263	55	[55,65)	0.3657	0.0	0.0	0.3657	0.3657	False
SIM-01320	41	[35,45)	0.0818	0.0	0.0	0.0818	0.0818	False
SIM-01384	20	[15,25)	0.2968	0.0	0.0	0.2968	0.2968	False
SIM-01451	95	[95,105)	0.3564	0.0	0.0	0.3564	0.3564	False
SIM-01474	67	[65,75)	0.4126	0.0	0.0	0.4126	0.4126	False
SIM-01485	105	[105,116)	0.5033	0.0	0.0	0.5033	0.5033	False
SIM-01545	80	[75,85)	0.2898	0.0	0.0	0.2898	0.2898	False
SIM-01554	85	[85,95)	0.3175	0.0	0.0	0.3175	0.3175	False
SIM-01591	41	[35,45)	0.3914	0.0	0.0	0.3914	0.3914	False
SIM-01608	61	[55,65)	0.0028	0.0	0.0	0.0028	0.0028	False
SIM-01609	63	[55,65)	0.4119	0.555556	0.47619	0.143656	0.06429	False
SIM-01675	46	[45,55)	0.1011	0.0	0.0	0.1011	0.1011	False
SIM-01680	57	[55,65)	0.1679	0.0	0.0	0.1679	0.1679	False
SIM-01717	95	[95,105)	0.3464	0.0	0.0	0.3464	0.3464	False
SIM-01719	58	[55,65)	0.4126	0.0	0.0	0.4126	0.4126	False
SIM-01743	87	[85,95)	0.4591	0.0	0.0	0.4591	0.4591	False
SIM-01748	36	[35,45)	0.5075	0.0	0.0	0.5075	0.5075	False
SIM-01753	86	[85,95)	0.2859	0.0	0.0	0.2859	0.2859	False
SIM-01777	72	[65,75)	0.3965	0.0	0.0	0.3965	0.3965	False
SIM-01838	18	[15,25)	0.1203	0.0	0.0	0.1203	0.1203	False
SIM-01896	24	[15,25)	0.0345	0.0	0.0	0.0345	0.0345	False
SIM-01899	43	[35,45)	0.0	0.0	0.0	0.0	0.0	False
SIM-01960	78	[75,85)	0.0	0.0	0.0	0.0	0.0	False
SIM-01992	98	[95,105)	0.0282	0.295918	0.0	0.267718	0.0282	False
SIM-01993	53	[45,55)	0.1372	0.0	0.0	0.1372	0.1372	False
SIM-02010	99	[95,105)	0.0	0.0	0.0	0.0	0.0	False
SIM-02013	61	[55,65)	0.0	0.0	0.0	0.0	0.0	False
SIM-02053	44	[35,45)	0.0	0.0	0.0	0.0	0.0	False
SIM-02058	64	[55,65)	0.0448	0.0	0.0	0.0448	0.0448	False
SIM-02101	102	[95,105)	0.0	0.0	0.0	0.0	0.0	False
SIM-02188	20	[15,25)	0.234	0.0	0.0	0.234	0.234	False
SIM-02246	75	[75,85)	0.0814	0.0	0.0	0.0814	0.0814	False
SIM-02330	11	[5,15)	0.0	0.0	0.0	0.0	0.0	False
SIM-02393	49	[45,55)	0.0	0.0	0.0	0.0	0.0	False
SIM-02419	71	[65,75)	0.2824	0.0	0.0	0.2824	0.2824	False
SIM-02432	65	[65,75)	0.3471	0.0	0.0	0.3471	0.3471	False
SIM-02433	56	[55,65)	0.0515	0.0	0.0	0.0515	0.0515	False
SIM-02468	30	[25,35)	0.0	0.0	0.0	0.0	0.0	False
SIM-02469	77	[75,85)	0.0	0.0	0.0	0.0	0.0	False
SIM-02481	90	[85,95)	0.0	0.0	0.0	0.0	0.0	False
SIM-02483	73	[65,75)	0.0	0.0	0.0	0.0	0.0	False
SIM-02537	27	[25,35)	0.0	0.0	0.0	0.0	0.0	False
SIM-02568	94	[85,95)	0.0	0.0	0.0	0.0	0.0	False
SIM-02609	105	[105,116)	0.0	0.0	0.0	0.0	0.0	False
SIM-02617	43	[35,45)	0.0	0.0	0.0	0.0	0.0	False
SIM-02623	34	[25,35)	0.0	0.0	0.0	0.0	0.0	False
SIM-02633	92	[85,95)	0.0334	0.0	0.0	0.0334	0.0334	False
SIM-02644	88	[85,95)	0.0	0.0	0.0	0.0	0.0	False
SIM-02652	110	[105,116)	0.3557	0.509091	0.4	0.153391	0.0443	False
SIM-02682	31	[25,35)	0.0	0.0	0.0	0.0	0.0	False
SIM-02723	87	[85,95)	0.0	0.0	0.0	0.0	0.0	False
SIM-02767	63	[55,65)	0.0095	0.0	0.0	0.0095	0.0095	False
SIM-02792	33	[25,35)	0.0	0.0	0.0	0.0	0.0	False
SIM-02800	55	[55,65)	0.0276	0.0	0.0	0.0276	0.0276	False
SIM-02873	23	[15,25)	0.0521	0.0	0.0	0.0521	0.0521	False
SIM-02898	30	[25,35)	0.0311	0.0	0.0	0.0311	0.0311	False
SIM-02910	82	[75,85)	0.0	0.0	0.0	0.0	0.0	False
SIM-02931	29	[25,35)	0.0	0.0	0.0	0.0	0.0	False
SIM-02936	53	[45,55)	0.0961	0.0	0.0	0.0961	0.0961	False
SIM-02944	41	[35,45)	0.1301	0.0	0.0	0.1301	0.1301	False
SIM-02968	25	[25,35)	0.1836	0.0	0.0	0.1836	0.1836	False
SIM-03018	23	[15,25)	0.0	0.0	0.0	0.0	0.0	False
SIM-03040	57	[55,65)	0.2954	0.0	0.0	0.2954	0.2954	False
SIM-03044	20	[15,25)	0.0	0.0	0.0	0.0	0.0	False
SIM-03068	48	[45,55)	0.0	0.0	0.0	0.0	0.0	False
SIM-03080	18	[15,25)	0.0	0.0	0.0	0.0	0.0	False
SIM-03084	62	[55,65)	0.0744	0.0	0.0	0.0744	0.0744	False
SIM-03116	68	[65,75)	0.0603	0.0	0.0	0.0603	0.0603	False
SIM-03120	61	[55,65)	0.2126	0.0	0.0	0.2126	0.2126	False
SIM-03139	34	[25,35)	0.0823	0.0	0.0	0.0823	0.0823	False
SIM-03160	76	[75,85)	0.0	0.0	0.0	0.0	0.0	False
SIM-03217	78	[75,85)	0.0524	0.0	0.0	0.0524	0.0524	False
SIM-03291	95	[95,105)	0.0088	0.0	0.0	0.0088	0.0088	False
SIM-03341	48	[45,55)	0.0	0.0	0.0	0.0	0.0	False
SIM-03357	17	[15,25)	0.0549	0.0	0.0	0.0549	0.0549	False
SIM-03376	12	[5,15)	0.0	0.0	0.0	0.0	0.0	False
SIM-03377	71	[65,75)	0.279	0.0	0.0	0.279	0.279	False
SIM-03416	67	[65,75)	0.1477	0.0	0.0	0.1477	0.1477	False
SIM-03426	106	[105,116)	0.0	0.0	0.0	0.0	0.0	False
SIM-03441	83	[75,85)	0.0	0.0	0.0	0.0	0.0	False
SIM-03446	89	[85,95)	0.16	0.0	0.0	0.16	0.16	False
SIM-03453	83	[75,85)	0.0182	0.0	0.0	0.0182	0.0182	False
SIM-03479	60	[55,65)	0.2167	0.0	0.0	0.2167	0.2167	False
SIM-03546	13	[5,15)	0.0382	0.0	0.0	0.0382	0.0382	False
SIM-03587	99	[95,105)	0.2361	0.0	0.0	0.2361	0.2361	False
SIM-03644	27	[25,35)	0.1362	0.0	0.0	0.1362	0.1362	False
SIM-03649	12	[5,15)	0.0	0.0	0.0	0.0	0.0	False
SIM-03667	57	[55,65)	0.1204	0.0	0.0	0.1204	0.1204	False
SIM-03682	111	[105,116)	0.0584	0.0	0.0	0.0584	0.0584	False
SIM-03692	79	[75,85)	0.012	0.0	0.0	0.012	0.012	False
SIM-03728	34	[25,35)	0.1381	0.0	0.0	0.1381	0.1381	False
SIM-03743	51	[45,55)	0.3522	0.0	0.0	0.3522	0.3522	False
SIM-03830	47	[45,55)	0.1845	0.0	0.0	0.1845	0.1845	False
SIM-03834	54	[45,55)	0.131	0.0	0.0	0.131	0.131	False
SIM-03859	98	[95,105)	0.0903	0.0	0.0	0.0903	0.0903	False
SIM-03889	36	[35,45)	0.1136	0.0	0.0	0.1136	0.1136	False
SIM-03907	27	[25,35)	0.1946	0.0	0.0	0.1946	0.1946	False
SIM-03919	97	[95,105)	0.3024	0.0	0.0	0.3024	0.3024	False
SIM-03935	55	[55,65)	0.1066	0.0	0.0	0.1066	0.1066	False
SIM-03943	59	[55,65)	0.0483	0.0	0.0	0.0483	0.0483	False
SIM-03961	22	[15,25)	0.0117	0.0	0.0	0.0117	0.0117	False
SIM-03979	109	[105,116)	0.0	0.0	0.0	0.0	0.0	False
SIM-04037	84	[75,85)	0.0558	0.0	0.0	0.0558	0.0558	False
SIM-04044	40	[35,45)	0.3376	0.0	0.0	0.3376	0.3376	False
SIM-04050	71	[65,75)	0.3447	0.0	0.0	0.3447	0.3447	False
SIM-04080	78	[75,85)	0.202	0.0	0.0	0.202	0.202	False
SIM-04081	85	[85,95)	0.2926	0.0	0.0	0.2926	0.2926	False
SIM-04126	23	[15,25)	0.1972	0.0	0.0	0.1972	0.1972	False
SIM-04188	47	[45,55)	0.1971	0.0	0.0	0.1971	0.1971	False
SIM-04195	50	[45,55)	0.0	0.0	0.0	0.0	0.0	False
SIM-04196	69	[65,75)	0.0819	0.0	0.0	0.0819	0.0819	False
SIM-04207	89	[85,95)	0.2356	0.0	0.0	0.2356	0.2356	False
SIM-04276	24	[15,25)	0.2684	0.0	0.0	0.2684	0.2684	False
SIM-04323	76	[75,85)	0.3926	0.0	0.0	0.3926	0.3926	False
SIM-04362	43	[35,45)	0.0487	0.0	0.0	0.0487	0.0487	False
SIM-04365	105	[105,116)	0.2316	0.0	0.0	0.2316	0.2316	False
SIM-04384	93	[85,95)	0.2644	0.516129	0.591398	0.251729	0.326998	True
SIM-04418	97	[95,105)	0.0	0.0	0.0	0.0	0.0	False
SIM-04468	67	[65,75)	0.0847	0.0	0.0	0.0847	0.0847	False
SIM-04472	55	[55,65)	0.124	0.0	0.0	0.124	0.124	False
SIM-04479	67	[65,75)	0.1622	0.0	0.0	0.1622	0.1622	False
SIM-04506	77	[75,85)	0.2077	0.0	0.0	0.2077	0.2077	False
SIM-04518	61	[55,65)	0.3704	0.0	0.0	0.3704	0.3704	False
SIM-04535	30	[25,35)	0.1897	0.566667	0.433333	0.376967	0.243633	False
SIM-04569	67	[65,75)	0.0105	0.0	0.0	0.0105	0.0105	False
SIM-04574	43	[35,45)	0.0178	0.0	0.0	0.0178	0.0178	False
SIM-04636	95	[95,105)	0.3106	0.515789	0.0	0.205189	0.3106	True
SIM-04697	65	[65,75)	0.1421	0.0	0.0	0.1421	0.1421	False
SIM-04716	60	[55,65)	0.1181	0.0	0.0	0.1181	0.1181	False
SIM-04721	67	[65,75)	0.2099	0.0	0.0	0.2099	0.2099	False
SIM-04771	75	[75,85)	0.1928	0.0	0.0	0.1928	0.1928	False
SIM-04838	61	[55,65)	0.2024	0.0	0.0	0.2024	0.2024	False
SIM-04846	23	[15,25)	0.1454	0.0	0.0	0.1454	0.1454	False
SIM-04859	58	[55,65)	0.2737	0.0	0.0	0.2737	0.2737	False
SIM-04904	23	[15,25)	0.293	0.0	0.0	0.293	0.293	False
SIM-04930	24	[15,25)	0.2104	0.0	0.0	0.2104	0.2104	False
SIM-04958	65	[65,75)	0.2721	0.584615	0.0	0.312515	0.2721	False
SIM-05016	103	[95,105)	0.3241	0.0	0.0	0.3241	0.3241	False
SIM-05057	91	[85,95)	0.3262	0.0	0.0	0.3262	0.3262	False
SIM-05105	22	[15,25)	0.1302	0.0	0.0	0.1302	0.1302	False
SIM-05109	22	[15,25)	0.4978	0.0	0.0	0.4978	0.4978	False
SIM-05120	99	[95,105)	0.4085	0.0	0.0	0.4085	0.4085	False
SIM-05183	85	[85,95)	0.0	0.0	0.0	0.0	0.0	False
SIM-05184	18	[15,25)	0.0513	0.0	0.0	0.0513	0.0513	False
SIM-05187	97	[95,105)	0.1108	0.0	0.0	0.1108	0.1108	False
SIM-05217	27	[25,35)	0.0009	0.0	0.0	0.0009	0.0009	False
SIM-05225	98	[95,105)	0.1939	0.0	0.0	0.1939	0.1939	False
SIM-05247	56	[55,65)	0.1117	0.0	0.0	0.1117	0.1117	False
SIM-05276	34	[25,35)	0.137	0.0	0.0	0.137	0.137	False
SIM-05287	89	[85,95)	0.1527	0.0	0.0	0.1527	0.1527	False
SIM-05292	35	[35,45)	0.1019	0.0	0.0	0.1019	0.1019	False
SIM-05316	43	[35,45)	0.0024	0.0	0.0	0.0024	0.0024	False
SIM-05340	88	[85,95)	0.149	0.0	0.0	0.149	0.149	False
SIM-05344	40	[35,45)	0.3457	0.0	0.0	0.3457	0.3457	False
SIM-05410	51	[45,55)	0.1631	0.0	0.0	0.1631	0.1631	False
SIM-05411	27	[25,35)	0.2012	0.0	0.0	0.2012	0.2012	False
SIM-05425	77	[75,85)	0.0	0.0	0.0	0.0	0.0	False
SIM-05475	18	[15,25)	0.2793	0.0	0.0	0.2793	0.2793	False
SIM-05573	17	[15,25)	0.0459	0.0	0.0	0.0459	0.0459	False
SIM-05687	90	[85,95)	0.0826	0.0	0.0	0.0826	0.0826	False
SIM-05710	62	[55,65)	0.0	0.0	0.0	0.0	0.0	False
SIM-05713	78	[75,85)	0.0	0.0	0.0	0.0	0.0	False
SIM-05740	34	[25,35)	0.2492	0.0	0.0	0.2492	0.2492	False
SIM-05747	77	[75,85)	0.4576	0.0	0.0	0.4576	0.4576	False
SIM-05822	23	[15,25)	0.1672	0.0	0.0	0.1672	0.1672	False
SIM-05824	24	[15,25)	0.1724	0.0	0.0	0.1724	0.1724	False
SIM-05854	34	[25,35)	0.0348	0.0	0.0	0.0348	0.0348	False
SIM-05874	59	[55,65)	0.1854	0.0	0.0	0.1854	0.1854	False
SIM-05880	27	[25,35)	0.0062	0.0	0.0	0.0062	0.0062	False
SIM-05882	101	[95,105)	0.0	0.0	0.0	0.0	0.0	False
SIM-05883	47	[45,55)	0.0743	0.0	0.0	0.0743	0.0743	False
SIM-05891	106	[105,116)	0.0953	0.0	0.0	0.0953	0.0953	False
SIM-05895	76	[75,85)	0.1126	0.0	0.0	0.1126	0.1126	False
SIM-05928	15	[15,25)	0.1101	0.0	0.0	0.1101	0.1101	False
SIM-05979	79	[75,85)	0.006	0.0	0.0	0.006	0.006	False
SIM-06016	57	[55,65)	0.1669	0.0	0.0	0.1669	0.1669	False
SIM-06071	98	[95,105)	0.124	0.0	0.0	0.124	0.124	False
SIM-06077	85	[85,95)	0.0694	0.0	0.0	0.0694	0.0694	False
SIM-06083	52	[45,55)	0.1008	0.0	0.0	0.1008	0.1008	False
SIM-06115	33	[25,35)	0.0	0.0	0.0	0.0	0.0	False
SIM-06167	67	[65,75)	0.0241	0.0	0.0	0.0241	0.0241	False
SIM-06168	41	[35,45)	0.1237	0.0	0.0	0.1237	0.1237	False
SIM-06192	60	[55,65)	0.1595	0.0	0.0	0.1595	0.1595	False
SIM-06226	5	[5,15)	0.1975	0.0	0.0	0.1975	0.1975	False
SIM-06257	91	[85,95)	0.082	0.0	0.0	0.082	0.082	False
SIM-06305	55	[55,65)	0.0085	0.0	0.0	0.0085	0.0085	False
SIM-06322	67	[65,75)	0.0613	0.0	0.0	0.0613	0.0613	False
SIM-06338	96	[95,105)	0.0314	0.0	0.0	0.0314	0.0314	False
SIM-06355	50	[45,55)	0.0321	0.0	0.0	0.0321	0.0321	False
SIM-06367	32	[25,35)	0.0	0.0	0.0	0.0	0.0	False
SIM-06373	51	[45,55)	0.0004	0.0	0.0	0.0004	0.0004	False
SIM-06398	83	[75,85)	0.2246	0.0	0.0	0.2246	0.2246	False
SIM-06425	69	[65,75)	0.0254	0.0	0.0	0.0254	0.0254	False
SIM-06443	101	[95,105)	0.0499	0.0	0.0	0.0499	0.0499	False
SIM-06460	90	[85,95)	0.2989	0.444444	0.488889	0.145544	0.189989	True
SIM-06482	32	[25,35)	0.0767	0.0	0.0	0.0767	0.0767	False
SIM-06524	106	[105,116)	0.0	0.0	0.0	0.0	0.0	False
SIM-06529	56	[55,65)	0.0	0.0	0.0	0.0	0.0	False
SIM-06575	49	[45,55)	0.2048	0.0	0.0	0.2048	0.2048	False
SIM-06713	95	[95,105)	0.0	0.0	0.0	0.0	0.0	False
SIM-06731	72	[65,75)	0.0	0.0	0.0	0.0	0.0	False
SIM-06735	80	[75,85)	0.0	0.0	0.0	0.0	0.0	False
SIM-06802	45	[45,55)	0.0433	0.0	0.0	0.0433	0.0433	False
SIM-06840	79	[75,85)	0.1998	0.0	0.0	0.1998	0.1998	False
SIM-06850	112	[105,116)	0.031	0.0	0.0	0.031	0.031	False
SIM-06856	70	[65,75)	0.0412	0.0	0.0	0.0412	0.0412	False
SIM-06871	13	[5,15)	0.0	0.0	0.0	0.0	0.0	False
SIM-06884	16	[15,25)	0.3829	0.0	0.0	0.3829	0.3829	False
SIM-06926	72	[65,75)	0.2741	0.0	0.0	0.2741	0.2741	False
SIM-06945	92	[85,95)	0.1809	0.0	0.0	0.1809	0.1809	False
SIM-06956	33	[25,35)	0.2299	0.0	0.0	0.2299	0.2299	False
SIM-06963	98	[95,105)	0.0667	0.0	0.0	0.0667	0.0667	False
SIM-06975	32	[25,35)	0.0	0.0	0.0	0.0	0.0	False
SIM-06981	82	[75,85)	0.1177	0.0	0.0	0.1177	0.1177	False
SIM-07043	66	[65,75)	0.0	0.0	0.0	0.0	0.0	False
SIM-07081	34	[25,35)	0.1947	0.0	0.0	0.1947	0.1947	False
SIM-07096	72	[65,75)	0.1732	0.0	0.0	0.1732	0.1732	False
SIM-07105	33	[25,35)	0.3803	0.0	0.0	0.3803	0.3803	False
SIM-07108	70	[65,75)	0.0822	0.0	0.0	0.0822	0.0822	False
SIM-07117	73	[65,75)	0.1088	0.0	0.0	0.1088	0.1088	False
SIM-07154	79	[75,85)	0.0178	0.0	0.0	0.0178	0.0178	False
SIM-07194	41	[35,45)	0.102	0.0	0.0	0.102	0.102	False
SIM-07197	86	[85,95)	0.1549	0.0	0.0	0.1549	0.1549	False
SIM-07201	34	[25,35)	0.286	0.0	0.0	0.286	0.286	False
SIM-07206	97	[95,105)	0.2256	0.0	0.0	0.2256	0.2256	False
SIM-07208	49	[45,55)	0.2616	0.0	0.0	0.2616	0.2616	False
SIM-07255	31	[25,35)	0.0686	0.0	0.0	0.0686	0.0686	False
SIM-07265	101	[95,105)	0.1536	0.0	0.0	0.1536	0.1536	False
SIM-07279	45	[45,55)	0.0288	0.0	0.0	0.0288	0.0288	False
SIM-07280	29	[25,35)	0.0211	0.0	0.0	0.0211	0.0211	False
SIM-07295	27	[25,35)	0.1535	0.0	0.0	0.1535	0.1535	False
SIM-07297	91	[85,95)	0.1333	0.0	0.0	0.1333	0.1333	False
SIM-07364	111	[105,116)	0.0408	0.0	0.0	0.0408	0.0408	False
SIM-07386	50	[45,55)	0.1424	0.0	0.0	0.1424	0.1424	False
SIM-07444	53	[45,55)	0.1181	0.471698	0.0	0.353598	0.1181	False
SIM-07485	76	[75,85)	0.0	0.0	0.0	0.0	0.0	False
SIM-07498	41	[35,45)	0.0	0.0	0.0	0.0	0.0	False
SIM-07506	46	[45,55)	0.3851	0.0	0.0	0.3851	0.3851	False
SIM-07507	38	[35,45)	0.3022	0.0	0.0	0.3022	0.3022	False
SIM-07540	23	[15,25)	0.1512	0.0	0.0	0.1512	0.1512	False
SIM-07541	76	[75,85)	0.1346	0.0	0.0	0.1346	0.1346	False
SIM-07561	24	[15,25)	0.1193	0.0	0.0	0.1193	0.1193	False
SIM-07574	51	[45,55)	0.1562	0.0	0.0	0.1562	0.1562	False
SIM-07580	64	[55,65)	0.2086	0.0	0.0	0.2086	0.2086	False
SIM-07586	68	[65,75)	0.0408	0.0	0.0	0.0408	0.0408	False
SIM-07629	87	[85,95)	0.1895	0.0	0.0	0.1895	0.1895	False
SIM-07683	64	[55,65)	0.0	0.0	0.0	0.0	0.0	False
SIM-07724	59	[55,65)	0.2716	0.0	0.0	0.2716	0.2716	False
SIM-07748	96	[95,105)	0.2394	0.0	0.0	0.2394	0.2394	False
SIM-07758	68	[65,75)	0.0843	0.0	0.0	0.0843	0.0843	False
SIM-07788	45	[45,55)	0.0057	0.0	0.0	0.0057	0.0057	False
SIM-07804	77	[75,85)	0.1179	0.0	0.0	0.1179	0.1179	False
SIM-07921	73	[65,75)	0.1461	0.0	0.0	0.1461	0.1461	False
SIM-08029	77	[75,85)	0.115	0.0	0.0	0.115	0.115	False
SIM-08057	98	[95,105)	0.0389	0.0	0.0	0.0389	0.0389	False
SIM-08060	89	[85,95)	0.0	0.0	0.0	0.0	0.0	False
SIM-08113	35	[35,45)	0.1525	0.0	0.0	0.1525	0.1525	False
SIM-08195	24	[15,25)	0.097	0.0	0.0	0.097	0.097	False
SIM-08205	73	[65,75)	0.1984	0.0	0.0	0.1984	0.1984	False
SIM-08217	39	[35,45)	0.042	0.0	0.0	0.042	0.042	False
SIM-08231	46	[45,55)	0.2024	0.0	0.0	0.2024	0.2024	False
SIM-08247	43	[35,45)	0.1393	0.0	0.0	0.1393	0.1393	False
SIM-08320	66	[65,75)	0.0203	0.0	0.0	0.0203	0.0203	False
SIM-08338	86	[85,95)	0.2855	0.0	0.0	0.2855	0.2855	False
SIM-08352	97	[95,105)	0.0546	0.0	0.0	0.0546	0.0546	False
SIM-08362	95	[95,105)	0.0	0.0	0.0	0.0	0.0	False
SIM-08392	86	[85,95)	0.1986	0.0	0.0	0.1986	0.1986	False
SIM-08414	91	[85,95)	0.1678	0.0	0.0	0.1678	0.1678	False
SIM-08427	77	[75,85)	0.0663	0.0	0.0	0.0663	0.0663	False
SIM-08434	85	[85,95)	0.0	0.0	0.0	0.0	0.0	False
SIM-08456	29	[25,35)	0.1528	0.0	0.0	0.1528	0.1528	False
SIM-08474	103	[95,105)	0.0425	0.0	0.0	0.0425	0.0425	False
SIM-08518	68	[65,75)	0.25	0.0	0.0	0.25	0.25	False
SIM-08590	42	[35,45)	0.0	0.0	0.0	0.0	0.0	False
SIM-08594	25	[25,35)	0.2526	0.0	0.0	0.2526	0.2526	False
SIM-08606	86	[85,95)	0.1341	0.0	0.0	0.1341	0.1341	False
SIM-08756	66	[65,75)	0.0129	0.0	0.0	0.0129	0.0129	False
SIM-08790	67	[65,75)	0.156	0.0	0.0	0.156	0.156	False
SIM-08834	21	[15,25)	0.1883	0.0	0.0	0.1883	0.1883	False
SIM-08859	90	[85,95)	0.2684	0.0	0.0	0.2684	0.2684	False
SIM-08869	33	[25,35)	0.0496	0.0	0.0	0.0496	0.0496	False
SIM-08879	85	[85,95)	0.1271	0.0	0.0	0.1271	0.1271	False
SIM-08889	79	[75,85)	0.1338	0.0	0.0	0.1338	0.1338	False
SIM-08932	82	[75,85)	0.3158	0.512195	0.0	0.196395	0.3158	True
SIM-08967	36	[35,45)	0.3287	0.0	0.0	0.3287	0.3287	False
SIM-09016	24	[15,25)	0.2722	0.0	0.0	0.2722	0.2722	False
SIM-09051	29	[25,35)	0.3308	0.0	0.0	0.3308	0.3308	False
SIM-09100	57	[55,65)	0.1574	0.0	0.0	0.1574	0.1574	False
SIM-09129	90	[85,95)	0.0352	0.0	0.0	0.0352	0.0352	False
SIM-09131	63	[55,65)	0.031	0.0	0.0	0.031	0.031	False
SIM-09162	48	[45,55)	0.148	0.0	0.0	0.148	0.148	False
SIM-09170	78	[75,85)	0.1215	0.0	0.0	0.1215	0.1215	False
SIM-09198	36	[35,45)	0.1675	0.0	0.0	0.1675	0.1675	False
SIM-09265	97	[95,105)	0.1874	0.0	0.0	0.1874	0.1874	False
SIM-09295	42	[35,45)	0.3388	0.0	0.0	0.3388	0.3388	False
SIM-09310	99	[95,105)	0.1207	0.0	0.0	0.1207	0.1207	False
SIM-09381	32	[25,35)	0.3119	0.0	0.0	0.3119	0.3119	False
SIM-09461	98	[95,105)	0.424	0.540816	0.469388	0.116816	0.045388	False
SIM-09467	32	[25,35)	0.2343	0.0	0.0	0.2343	0.2343	False
SIM-09558	59	[55,65)	0.3149	0.0	0.0	0.3149	0.3149	False
SIM-09569	24	[15,25)	0.0782	0.0	0.0	0.0782	0.0782	False
SIM-09573	96	[95,105)	0.1659	0.0	0.0	0.1659	0.1659	False
SIM-09626	31	[25,35)	0.0224	0.0	0.0	0.0224	0.0224	False
SIM-09642	54	[45,55)	0.2408	0.0	0.0	0.2408	0.2408	False
SIM-09683	44	[35,45)	0.2498	0.0	0.0	0.2498	0.2498	False
SIM-09700	62	[55,65)	0.074	0.0	0.0	0.074	0.074	False
SIM-09714	93	[85,95)	0.325	0.0	0.0	0.325	0.325	False
SIM-09722	40	[35,45)	0.1707	0.0	0.0	0.1707	0.1707	False
SIM-09737	29	[25,35)	0.0057	0.0	0.0	0.0057	0.0057	False
SIM-09756	90	[85,95)	0.1798	0.5	0.0	0.3202	0.1798	False
SIM-09772	30	[25,35)	0.1151	0.0	0.0	0.1151	0.1151	False
SIM-09781	54	[45,55)	0.0895	0.0	0.0	0.0895	0.0895	False
SIM-09870	76	[75,85)	0.1417	0.0	0.0	0.1417	0.1417	False
SIM-09883	44	[35,45)	0.066	0.0	0.0	0.066	0.066	False
SIM-09931	78	[75,85)	0.1771	0.294872	0.0	0.117772	0.1771	True
SIM-09975	36	[35,45)	0.0186	0.0	0.0	0.0186	0.0186	False
SIM-10004	54	[45,55)	0.007	0.0	0.0	0.007	0.007	False
SIM-10035	95	[95,105)	0.0919	0.0	0.0	0.0919	0.0919	False
SIM-10048	39	[35,45)	0.0779	0.0	0.0	0.0779	0.0779	False
SIM-10088	81	[75,85)	0.0	0.0	0.0	0.0	0.0	False
SIM-10130	36	[35,45)	0.0	0.0	0.0	0.0	0.0	False
SIM-10159	95	[95,105)	0.1833	0.0	0.0	0.1833	0.1833	False
SIM-10178	21	[15,25)	0.057	0.0	0.0	0.057	0.057	False
SIM-10181	22	[15,25)	0.104	0.0	0.0	0.104	0.104	False
SIM-10228	22	[15,25)	0.2449	0.0	0.0	0.2449	0.2449	False
SIM-10243	42	[35,45)	0.1204	0.0	0.0	0.1204	0.1204	False
SIM-10251	97	[95,105)	0.2799	0.0	0.0	0.2799	0.2799	False
SIM-10287	69	[65,75)	0.1836	0.0	0.0	0.1836	0.1836	False
SIM-10291	96	[95,105)	0.0075	0.0	0.0	0.0075	0.0075	False
SIM-10309	22	[15,25)	0.0823	0.0	0.0	0.0823	0.0823	False
SIM-10354	44	[35,45)	0.1795	0.0	0.0	0.1795	0.1795	False
SIM-10355	53	[45,55)	0.3459	0.0	0.0	0.3459	0.3459	False
SIM-10356	73	[65,75)	0.0	0.0	0.0	0.0	0.0	False
SIM-10376	92	[85,95)	0.1287	0.0	0.0	0.1287	0.1287	False
SIM-10410	75	[75,85)	0.1161	0.0	0.0	0.1161	0.1161	False
SIM-10463	52	[45,55)	0.0	0.0	0.0	0.0	0.0	False
SIM-10464	86	[85,95)	0.0912	0.0	0.0	0.0912	0.0912	False
SIM-10477	81	[75,85)	0.1895	0.0	0.0	0.1895	0.1895	False
SIM-10544	94	[85,95)	0.148	0.0	0.0	0.148	0.148	False
SIM-10551	54	[45,55)	0.0921	0.0	0.0	0.0921	0.0921	False
SIM-10589	44	[35,45)	0.2356	0.0	0.0	0.2356	0.2356	False
SIM-10597	39	[35,45)	0.4212	0.0	0.0	0.4212	0.4212	False
SIM-10601	93	[85,95)	0.189	0.0	0.0	0.189	0.189	False
SIM-10667	115	[105,116)	0.155	0.0	0.0	0.155	0.155	False
SIM-10709	50	[45,55)	0.1592	0.0	0.0	0.1592	0.1592	False
SIM-10725	80	[75,85)	0.0	0.0	0.0	0.0	0.0	False
SIM-10770	17	[15,25)	0.1246	0.0	0.0	0.1246	0.1246	False
SIM-10835	71	[65,75)	0.1959	0.507042	0.0	0.311142	0.1959	False
SIM-10973	50	[45,55)	0.0894	0.0	0.0	0.0894	0.0894	False
SIM-10987	47	[45,55)	0.0	0.0	0.0	0.0	0.0	False
SIM-11021	54	[45,55)	0.0291	0.0	0.0	0.0291	0.0291	False
SIM-11046	56	[55,65)	0.3305	0.0	0.0	0.3305	0.3305	False
SIM-11067	21	[15,25)	0.0665	0.0	0.0	0.0665	0.0665	False
