trinucleotide	genome_count	exome_count	genome_freq	exome_freq	genome_to_exome_factor
ACA	118871421	1663529	0.04050331	0.03410811	1.187498
ACC	67491078	1407142	0.02299638	0.02885129	0.797066
ACG	15195784	522913	0.00517769	0.01072153	0.482925
ACT	94805425	1347294	0.03230326	0.0276242	1.169382
ATA	120430661	1042512	0.0410346	0.02137511	1.919737
ATC	78557232	1229500	0.02676697	0.02520901	1.061802
ATG	107320485	1566426	0.03656754	0.03211717	1.138567
ATT	145782642	1428730	0.04967283	0.02929392	1.69567
CCA	107505509	2175165	0.03663058	0.04459843	0.821342
CCC	76081689	1952284	0.02592348	0.04002859	0.647624
CCG	16220793	899736	0.00552695	0.01844771	0.299601
CCT	103481956	2133202	0.03525963	0.04373804	0.806155
CTA	75563808	814805	0.02574702	0.01670633	1.541154
CTC	98914308	1961983	0.03370328	0.04022746	0.837818
CTG	118701658	2604116	0.04044547	0.05339341	0.757499
CTT	117687160	1910134	0.0400998	0.03916437	1.023885
GCA	84556497	1715083	0.02881112	0.03516515	0.819309
GCC	68884150	1876683	0.02347104	0.03847851	0.609978
GCG	14071852	769583	0.00479473	0.01577912	0.303866
GCT	81666888	1788893	0.02782653	0.03667851	0.75866
GTA	66093410	916350	0.02252015	0.01878835	1.198623
GTC	55137823	1189230	0.01878723	0.02438334	0.770494
GTG	88476038	1644200	0.03014663	0.0337118	0.894246
GTT	86656416	1179088	0.02952663	0.02417539	1.22135
TCA	115460191	1787119	0.039341	0.03664214	1.073655
TCC	90832997	1920201	0.03094972	0.03937078	0.786109
TCG	13201294	526134	0.00449811	0.01078757	0.416971
TCT	130912528	2032330	0.04460611	0.04166981	1.070466
TTA	120432966	1113086	0.04103538	0.02282212	1.798053
TTC	117797656	1876031	0.04013745	0.03846514	1.043476
TTG	111895448	1521969	0.03812638	0.03120564	1.221778
TTT	226168847	2256784	0.077063	0.0462719	1.665438
