caaa,caac,caag,caat,caca,cacc,cacg,cact,caga,cagc,cagg,cagt,cata,catc,catg,catt,cgaa,cgac,cgag,cgat,cgca,cgcc,cgcg,cgct,cgga,cggc,cggg,cggt,cgta,cgtc,cgtg,cgtt,ctaa,ctac,ctag,ctat,ctca,ctcc,ctcg,ctct,ctga,ctgc,ctgg,ctgt,ctta,cttc,cttg,cttt,taaa,taac,taag,taat,taca,tacc,tacg,tact,taga,tagc,tagg,tagt,tata,tatc,tatg,tatt,tcaa,tcac,tcag,tcat,tcca,tccc,tccg,tcct,tcga,tcgc,tcgg,tcgt,tcta,tctc,tctg,tctt,tgaa,tgac,tgag,tgat,tgca,tgcc,tgcg,tgct,tgga,tggc,tggg,tggt,tgta,tgtc,tgtg,tgtt,tumor,ndel,nins,nmsi_del,nmsi_ins,msisensor
0,0,0,0,2,4,0,1,1,1,0,0,1,1,0,1,2,3,0,0,0,3,0,4,2,0,0,1,0,4,1,1,4,0,0,2,1,1,0,1,5,2,0,0,0,0,0,1,0,0,1,1,0,4,3,0,0,0,1,1,2,1,0,0,2,5,0,5,1,1,3,0,1,0,0,0,4,0,0,1,1,2,0,0,0,1,0,0,0,0,1,1,1,1,0,1,SIM-01061,0,0,0,0,0.0
2,0,0,0,3,1,0,0,1,1,0,0,1,1,0,1,0,0,0,1,2,2,0,0,1,1,0,0,0,1,0,1,1,1,0,1,0,0,2,2,0,3,0,0,0,2,0,2,0,1,0,0,0,0,1,2,1,1,1,0,0,1,0,1,3,0,4,1,1,2,3,1,2,0,0,1,1,1,1,1,0,0,0,0,0,2,2,0,0,0,1,0,2,0,0,2,SIM-01567,0,0,0,0,0.0
0,0,0,0,0,0,0,1,0,0,0,0,0,1,1,1,0,0,0,1,0,0,0,1,0,0,0,1,1,0,0,0,3,0,0,1,2,0,1,3,0,0,0,3,0,0,0,0,0,1,0,0,0,0,0,1,0,0,1,1,0,0,0,0,0,1,0,0,0,0,0,0,0,0,1,0,0,0,0,0,0,0,0,0,0,0,0,0,0,0,0,2,0,0,0,0,SIM-00441,0,0,0,0,0.0
2,1,0,3,1,1,0,0,2,1,0,1,2,1,0,0,0,2,0,3,1,0,1,1,1,2,1,1,2,1,0,1,3,2,1,0,0,0,0,0,2,2,0,2,0,1,0,2,0,0,0,0,0,1,0,1,0,0,0,1,0,0,0,2,3,1,0,4,0,1,1,1,1,0,0,2,1,0,0,1,0,0,1,0,0,0,1,0,0,0,1,0,0,0,0,1,SIM-01250,0,0,0,0,0.0
1,1,0,0,1,1,1,0,1,0,0,0,0,3,1,1,0,1,0,0,0,2,0,0,1,1,0,1,2,0,0,1,1,0,0,0,1,1,0,1,0,1,0,0,0,1,0,0,0,1,2,1,0,0,0,0,0,0,2,0,0,2,1,2,1,3,0,4,0,0,0,0,2,0,0,1,2,0,0,1,1,0,1,1,0,1,1,0,0,0,1,0,0,1,0,0,SIM-01376,0,0,0,0,0.0
1,2,0,0,0,0,0,0,0,0,0,0,0,0,0,4,0,0,0,0,0,0,0,1,0,1,0,1,0,2,0,0,1,1,2,0,1,2,1,2,0,0,0,2,0,0,3,2,0,0,2,0,0,0,0,0,0,0,1,0,0,0,1,2,0,1,3,3,1,0,1,1,3,0,0,0,0,1,1,3,0,0,1,0,0,0,0,0,0,0,1,0,0,0,1,0,SIM-01849,0,0,0,0,0.0
0,0,0,0,0,1,1,0,0,0,0,0,0,1,0,0,0,2,0,1,0,2,1,1,1,0,0,0,0,0,0,1,3,1,1,0,0,1,0,4,2,1,0,1,1,1,2,3,0,0,1,1,0,0,0,1,0,0,0,0,0,0,0,0,1,0,5,1,1,0,1,1,0,1,1,0,0,1,0,1,0,0,2,0,1,0,0,1,0,0,1,0,0,0,0,0,SIM-01853,0,0,0,0,0.0
0,0,0,0,1,0,0,1,1,3,0,0,0,0,1,2,0,0,0,0,0,0,0,2,0,0,0,0,2,0,0,0,2,4,0,2,0,4,0,3,0,0,0,2,1,1,1,1,0,0,0,0,0,0,0,0,0,0,0,0,0,1,0,0,3,1,2,3,0,0,1,0,3,1,2,0,1,0,0,2,0,0,0,0,0,0,0,1,0,0,0,0,0,1,1,0,SIM-01855,0,0,0,0,0.0
2,0,0,1,1,0,1,1,0,0,0,0,0,0,0,0,1,0,0,0,0,0,0,1,0,0,1,0,0,0,0,1,1,1,1,2,1,2,1,2,2,2,0,0,2,0,2,0,2,0,0,0,0,0,0,0,0,0,0,0,0,0,0,1,1,0,1,2,3,0,3,0,0,1,2,0,0,0,0,1,0,0,0,0,0,0,1,0,0,0,0,0,1,1,0,0,SIM-01856,0,0,0,0,0.0
0,1,0,0,1,0,0,1,1,0,0,0,0,0,0,1,0,1,0,0,0,0,0,0,1,0,0,0,0,0,0,0,1,2,0,2,0,0,1,2,1,0,1,1,0,1,0,0,1,0,0,0,0,0,0,0,0,0,0,1,1,0,0,0,2,0,0,1,0,2,1,0,0,0,0,1,1,0,1,1,1,0,0,0,0,0,0,0,1,1,0,0,0,0,0,0,SIM-01858,0,0,0,0,0.0
