MutationType	SIM-00028	SIM-00064	SIM-00082	SIM-00100	SIM-00163	SIM-00166	SIM-00207	SIM-00225	SIM-00313	SIM-00400	SIM-00423	SIM-00428	SIM-00460	SIM-00529	SIM-00574	SIM-00591	SIM-00780	SIM-00851	SIM-00875	SIM-00883	SIM-00905	SIM-00947	SIM-00994	SIM-01046	SIM-01082	SIM-01146	SIM-01151	SIM-01227	SIM-01263	SIM-01474	SIM-01485	SIM-01545	SIM-01554	SIM-01675	SIM-01743	SIM-01753	SIM-01960	SIM-02246	SIM-02330	SIM-02468	SIM-02537	SIM-02623	SIM-03376	SIM-03546
A[C>A]A	0	0	1	1	0	1	0	0	0	0	0	0	2	2	0	0	1	0	2	2	0	3	1	1	1	1	0	0	0	0	1	2	1	0	1	1	1	1	0	0	0	1	0	0
A[C>A]C	4	0	0	1	0	2	0	1	0	3	0	1	0	3	1	1	2	0	0	0	0	0	0	1	0	0	0	3	0	3	0	2	2	1	1	1	0	2	0	0	0	1	0	0
A[C>A]G	0	1	0	0	0	0	0	1	0	0	0	0	0	0	0	0	0	0	0	0	1	0	0	0	0	0	0	0	0	0	0	0	0	1	0	0	0	0	0	0	0	0	0	0
A[C>A]T	1	1	1	0	0	2	0	2	1	0	0	0	0	0	0	0	1	1	0	0	2	0	0	1	1	0	0	1	0	0	1	3	2	2	2	0	0	0	0	0	1	0	0	1
A[C>G]A	1	0	0	2	0	0	0	1	1	2	0	0	1	2	2	3	0	1	0	2	1	0	1	0	1	1	1	0	0	0	2	0	1	0	0	0	2	0	0	0	0	0	0	0
A[C>G]C	0	0	0	1	1	0	0	1	0	1	0	0	0	0	0	0	0	1	0	1	1	0	0	0	0	0	0	0	0	0	1	1	1	0	0	2	0	0	0	0	0	0	0	0
A[C>G]G	0	0	1	0	0	0	0	0	0	0	0	0	0	0	0	0	0	0	0	0	0	0	0	0	2	0	0	0	0	0	0	0	0	0	0	0	1	0	0	0	1	1	0	0
A[C>G]T	0	0	0	3	1	0	0	0	0	0	1	0	1	0	1	0	0	0	0	4	2	1	0	0	1	0	1	2	1	0	3	0	0	1	1	2	1	0	0	0	0	0	0	0
A[C>T]A	2	2	2	1	3	1	2	5	2	2	0	0	1	1	3	3	1	0	3	4	1	2	0	1	5	0	1	2	1	3	0	0	2	2	4	4	1	2	0	2	0	0	2	0
A[C>T]C	1	1	1	0	1	0	0	0	2	0	0	2	1	0	1	1	1	1	1	3	1	1	0	1	2	0	2	1	0	3	3	1	1	0	1	2	0	2	0	2	0	3	1	0
A[C>T]G	0	0	0	0	0	0	0	1	0	1	0	0	1	0	0	0	0	0	0	2	0	0	0	0	0	0	0	0	1	1	1	0	0	0	1	0	0	0	0	0	1	0	0	0
A[C>T]T	5	0	2	1	1	0	0	2	0	1	0	1	1	0	2	3	3	3	1	3	0	0	0	0	2	0	1	1	2	0	2	3	4	1	2	1	1	1	1	1	2	0	0	1
A[T>A]A	1	0	0	1	0	0	1	1	0	0	0	0	0	0	1	0	0	1	1	1	0	0	0	0	2	0	0	0	0	0	0	0	1	1	0	0	2	0	0	0	0	0	0	0
A[T>A]C	0	0	0	0	0	1	0	0	0	1	0	0	1	1	1	0	0	0	0	0	1	0	0	0	0	0	0	1	1	0	1	0	0	0	0	0	1	0	0	0	0	0	0	0
A[T>A]G	4	2	1	0	0	0	0	1	0	1	0	0	0	1	2	0	3	0	0	2	2	1	0	0	2	0	1	0	0	1	1	1	0	0	3	1	1	1	0	1	0	0	0	1
A[T>A]T	1	0	0	1	1	0	0	1	0	0	0	0	1	0	0	0	0	0	0	2	0	0	0	1	0	0	0	0	0	1	0	0	0	4	0	0	2	0	0	1	1	0	0	0
A[T>C]A	2	3	2	1	3	1	3	4	4	5	0	5	1	0	3	1	8	1	3	4	2	2	0	1	8	1	1	1	2	1	5	6	3	1	2	2	3	5	1	2	3	2	0	1
A[T>C]C	0	1	0	0	0	0	0	1	3	0	0	0	0	1	1	0	1	0	1	0	1	2	0	0	2	1	0	2	0	0	0	0	1	1	1	0	2	2	1	1	0	0	0	0
A[T>C]G	6	0	4	1	1	1	1	3	3	0	1	3	0	3	2	4	0	4	2	5	1	0	1	2	7	0	1	5	2	5	3	1	4	3	2	5	2	3	1	0	0	1	1	2
A[T>C]T	1	2	1	2	2	1	0	2	3	4	1	1	0	1	3	3	6	0	2	3	3	2	3	0	5	2	1	2	4	1	1	1	1	0	0	2	5	6	0	0	1	0	1	0
A[T>G]A	1	0	0	0	0	0	0	1	0	0	0	1	0	0	0	0	0	1	0	2	0	0	0	1	0	0	0	1	1	0	0	0	0	0	0	0	0	0	0	0	0	0	0	0
A[T>G]C	0	0	0	0	0	0	0	0	1	0	0	0	0	0	0	0	0	0	1	0	1	1	0	0	1	0	0	0	0	1	1	1	0	0	1	0	0	1	0	0	0	1	0	0
A[T>G]G	2	0	0	0	0	0	1	0	2	0	0	0	1	0	0	0	1	0	0	1	1	0	0	0	0	0	0	2	2	0	0	0	1	0	0	1	1	0	0	0	0	0	0	0
A[T>G]T	0	0	1	0	0	0	0	0	2	0	0	0	0	0	0	1	0	0	1	0	0	2	0	0	0	0	0	2	1	1	0	0	2	1	0	1	0	0	0	0	0	0	0	0
C[C>A]A	2	0	2	0	0	0	1	4	2	1	1	0	1	1	0	0	0	0	3	2	1	0	0	0	3	0	2	1	2	1	2	5	0	0	0	1	3	0	0	0	0	0	0	0
C[C>A]C	1	0	1	2	1	1	0	0	1	1	0	0	0	0	1	1	1	0	1	2	0	0	1	0	4	0	1	5	2	0	0	0	1	0	2	2	1	0	0	0	0	2	0	0
C[C>A]G	0	0	1	0	0	0	0	0	0	0	0	0	0	1	0	0	0	1	0	0	0	0	0	1	2	0	0	2	1	1	0	0	1	0	0	0	1	0	0	0	0	0	0	0
C[C>A]T	0	0	1	0	0	2	0	1	0	0	0	0	0	1	2	0	0	0	0	2	1	2	0	0	0	0	0	1	0	0	1	1	1	3	0	1	0	0	0	0	0	0	0	0
C[C>G]A	1	0	1	2	1	1	0	4	1	0	0	1	0	1	0	1	0	0	1	4	0	1	0	0	1	0	0	0	0	1	3	3	0	0	0	0	0	1	0	1	1	0	0	0
C[C>G]C	1	1	0	0	2	0	0	2	2	0	0	2	0	0	3	0	2	0	1	0	0	0	0	0	0	1	0	1	1	0	3	2	3	0	0	1	0	2	0	2	0	0	0	0
C[C>G]G	0	0	0	0	0	0	0	0	0	0	0	0	0	0	0	0	1	0	0	2	0	0	0	0	0	0	1	0	0	0	0	0	0	0	0	1	0	0	0	1	0	0	0	0
C[C>G]T	1	1	1	0	0	1	0	2	3	0	0	0	0	1	1	1	2	1	0	1	1	2	0	0	0	1	2	3	0	1	5	1	1	0	1	0	1	0	0	1	1	1	0	0
C[C>T]A	2	0	2	1	1	0	0	1	4	1	0	1	1	2	2	1	2	0	0	3	1	2	1	1	2	0	0	2	2	0	1	3	1	1	0	3	1	0	1	1	0	0	0	0
C[C>T]C	2	3	2	1	1	2	0	2	2	0	0	1	1	1	3	2	1	1	1	0	0	1	0	0	3	0	1	1	1	2	0	4	0	1	1	2	1	2	0	0	0	1	0	0
C[C>T]G	1	0	0	0	0	1	0	1	3	1	0	1	1	3	1	0	0	0	0	2	3	1	0	0	0	0	0	1	0	0	2	0	1	0	3	0	1	0	0	0	0	1	1	0
C[C>T]T	3	2	0	2	0	1	0	2	0	2	0	0	2	2	2	1	2	0	1	2	0	2	0	0	2	1	0	2	1	1	2	1	3	0	2	1	0	4	0	1	1	0	1	0
C[T>A]A	0	1	0	0	0	0	0	0	0	0	0	1	0	0	0	1	1	0	0	0	1	0	0	0	0	0	0	0	0	0	0	0	0	1	0	1	0	0	0	0	0	0	0	0
C[T>A]C	1	0	1	0	0	1	0	1	1	1	0	0	0	1	2	1	1	0	0	0	1	0	0	0	1	0	0	0	0	1	3	0	0	0	0	1	1	1	0	1	0	0	0	0
C[T>A]G	0	1	0	0	0	0	0	1	0	3	0	1	0	0	0	0	1	0	0	0	1	1	0	0	1	0	0	0	0	1	0	0	0	1	2	0	0	1	0	1	0	1	0	0
C[T>A]T	1	1	2	1	0	0	0	1	0	2	0	0	0	0	0	0	0	1	0	0	0	0	0	0	0	0	0	2	0	1	1	1	0	0	1	0	2	0	0	0	0	0	0	0
C[T>C]A	1	1	1	1	1	0	0	3	0	0	0	3	1	0	1	0	2	0	0	1	0	1	1	0	2	0	2	2	0	1	0	0	0	1	4	2	2	1	0	0	0	0	0	0
C[T>C]C	2	0	1	0	0	1	0	0	2	0	0	2	2	1	4	1	0	0	0	0	1	3	1	0	1	0	0	3	1	1	1	0	2	1	0	1	1	2	0	0	0	2	1	0
C[T>C]G	2	0	1	0	0	1	1	0	7	1	0	1	2	0	3	1	1	1	0	1	1	3	0	1	2	0	0	1	0	1	1	0	1	1	0	0	1	0	0	0	1	0	1	1
C[T>C]T	0	1	2	1	2	0	0	1	1	2	0	1	2	1	1	0	2	0	1	2	0	0	0	2	3	1	2	2	0	0	1	3	3	0	2	0	0	0	0	0	1	1	0	0
C[T>G]A	0	0	0	0	1	0	0	0	0	0	0	0	0	1	1	0	0	0	0	1	0	0	0	0	0	0	0	0	0	0	1	0	0	0	0	0	0	0	0	1	0	0	0	0
C[T>G]C	1	0	2	0	0	1	0	1	2	1	0	0	0	0	0	0	1	0	0	1	1	1	0	0	2	1	0	1	0	1	2	2	0	0	1	0	0	0	0	0	0	0	0	0
C[T>G]G	0	1	1	1	0	1	0	1	0	1	0	0	0	0	0	1	0	0	0	1	0	0	0	0	1	0	1	0	0	0	0	1	0	0	0	1	0	2	0	0	0	0	0	0
C[T>G]T	2	0	1	0	0	1	0	0	3	0	0	0	0	1	0	0	1	1	2	0	1	1	0	0	0	0	0	0	0	1	0	3	1	2	0	0	0	2	0	0	0	1	0	1
G[C>A]A	1	0	1	0	1	0	1	0	1	0	0	0	0	0	2	0	0	0	0	0	0	1	1	0	1	0	0	0	1	0	0	0	0	1	0	1	1	0	0	0	0	0	0	0
G[C>A]C	1	0	1	0	1	1	0	2	1	1	0	1	1	0	0	0	1	1	0	1	0	0	1	0	0	0	0	0	1	1	2	0	1	0	1	0	0	1	0	0	0	0	0	0
G[C>A]G	0	0	0	0	0	0	0	1	1	0	0	0	1	1	0	0	0	0	0	0	0	0	0	0	0	0	2	0	0	0	0	0	0	1	0	0	0	0	0	0	0	0	0	0
G[C>A]T	0	0	2	0	0	0	0	2	0	1	0	0	0	0	3	0	2	0	0	0	0	0	0	0	0	0	0	0	0	1	1	1	1	0	1	1	0	0	0	0	0	0	0	0
G[C>G]A	1	0	0	0	0	1	0	0	0	0	0	0	0	1	1	0	1	0	0	0	0	0	0	0	0	0	0	3	1	2	1	1	0	0	1	0	0	0	1	0	0	1	0	0
G[C>G]C	0	1	0	0	0	0	0	0	2	0	0	1	0	0	0	0	0	0	1	1	0	1	0	0	0	0	0	0	2	1	0	0	0	0	0	4	0	1	1	0	0	0	0	0
G[C>G]G	0	1	0	1	0	0	0	0	1	0	0	0	0	0	0	0	1	0	0	0	0	0	0	0	0	1	0	0	0	0	2	0	0	0	0	0	0	0	0	0	0	0	0	0
G[C>G]T	2	0	1	1	1	0	0	1	1	1	0	1	0	0	2	0	2	0	0	1	0	2	1	0	2	0	0	1	1	2	2	0	1	0	2	1	0	0	0	0	0	0	0	0
G[C>T]A	2	0	0	1	3	1	0	2	0	1	0	1	2	2	1	0	3	1	3	4	2	2	0	1	4	0	3	0	1	1	2	1	4	1	3	0	2	1	1	0	0	1	0	0
G[C>T]C	2	0	1	2	0	0	2	2	2	1	0	0	0	0	0	1	1	0	0	0	1	3	0	1	2	0	2	3	1	2	2	2	2	0	1	2	1	2	0	2	1	1	0	0
G[C>T]G	0	0	1	0	1	0	0	0	1	2	0	1	0	1	0	0	0	0	0	1	0	0	0	0	1	0	0	3	0	0	1	1	0	0	1	1	2	0	0	1	0	0	0	0
G[C>T]T	0	1	1	0	1	1	1	1	0	1	0	1	0	3	0	2	0	0	0	1	2	1	0	1	1	1	3	1	0	4	2	1	1	0	0	1	1	0	0	0	1	1	0	0
G[T>A]A	1	1	0	0	1	0	0	0	0	0	0	0	0	0	0	0	2	0	0	0	0	0	0	0	0	0	1	0	1	1	0	0	1	0	0	1	1	0	0	0	2	0	0	0
G[T>A]C	2	0	0	1	0	0	0	0	0	0	0	0	0	0	1	1	0	0	1	1	0	0	0	0	0	0	0	1	0	0	0	0	1	0	0	1	0	0	0	0	0	0	0	0
G[T>A]G	0	1	0	0	0	1	0	1	1	2	0	0	0	1	0	1	0	0	0	0	0	0	0	0	0	0	0	0	0	1	0	1	0	0	0	1	0	0	0	0	0	0	0	0
G[T>A]T	4	0	0	0	1	0	0	1	0	0	1	1	0	2	0	1	0	0	0	0	0	0	0	0	0	1	1	0	1	0	3	0	0	0	0	0	0	0	0	0	0	1	0	0
G[T>C]A	2	0	1	0	0	0	0	0	1	0	1	0	2	1	1	0	0	0	0	1	0	0	0	0	0	0	2	0	0	0	0	1	0	0	1	2	2	1	0	0	0	1	0	0
G[T>C]C	0	1	1	1	1	0	0	0	0	0	0	0	1	0	0	0	1	0	0	0	0	0	0	0	0	0	1	1	0	0	0	0	0	0	1	0	0	0	0	0	0	1	0	0
G[T>C]G	4	2	0	2	0	1	0	1	3	3	0	0	0	0	1	1	2	0	0	1	1	0	1	0	1	0	1	3	1	1	2	1	5	1	0	1	3	1	1	1	0	1	0	1
G[T>C]T	1	1	1	3	1	1	0	2	0	0	0	0	0	0	2	0	0	0	0	1	0	1	1	0	0	0	1	1	1	2	1	1	0	1	2	0	2	2	0	0	0	0	0	0
G[T>G]A	0	0	0	0	0	0	0	1	0	1	0	0	0	0	0	0	0	0	2	0	0	0	0	0	0	0	0	0	0	0	2	0	1	0	0	0	0	1	1	0	0	0	0	0
G[T>G]C	0	0	0	0	0	0	0	1	0	0	0	0	0	1	0	0	0	0	0	0	0	1	0	0	0	0	0	1	0	0	0	0	0	0	0	0	0	0	0	0	0	0	0	0
G[T>G]G	3	0	1	0	0	0	0	2	0	3	0	0	0	0	2	0	1	0	0	1	0	1	0	0	0	0	0	2	1	0	0	0	0	0	0	1	0	1	0	0	0	0	0	1
G[T>G]T	0	0	1	0	1	0	0	0	0	0	0	1	0	0	0	0	2	0	0	1	0	0	0	0	0	1	0	0	0	1	0	0	0	0	0	0	1	0	0	0	0	0	0	0
T[C>A]A	1	0	1	0	0	0	0	1	1	0	0	0	1	0	3	0	1	0	1	2	3	1	0	0	0	0	0	0	0	0	2	2	0	0	0	2	1	1	0	0	0	0	0	0
T[C>A]C	1	0	0	0	1	0	0	0	1	2	0	1	0	0	1	0	1	0	1	0	4	0	0	0	1	0	1	0	1	0	1	0	0	1	2	0	2	0	0	0	0	0	0	1
T[C>A]G	0	0	0	0	0	0	0	0	1	0	0	0	0	0	0	0	0	0	0	0	0	0	0	0	0	0	0	0	0	0	0	0	0	0	1	0	0	0	0	0	0	0	0	0
T[C>A]T	1	1	0	0	0	1	1	1	0	1	0	2	0	0	1	1	1	0	0	2	1	2	0	0	0	1	1	0	1	0	1	1	1	0	1	0	1	0	0	1	0	0	0	0
T[C>G]A	0	0	0	1	0	1	0	1	1	0	0	1	0	0	0	0	1	0	0	3	1	2	0	0	1	0	1	1	0	1	1	0	0	0	1	0	0	2	0	0	0	0	0	0
T[C>G]C	1	0	2	1	0	1	1	0	1	0	0	1	0	2	1	1	2	0	1	0	1	2	0	0	0	2	2	4	2	2	0	2	1	0	1	0	0	0	0	0	0	1	0	1
T[C>G]G	0	0	0	1	0	0	0	0	0	0	0	0	0	0	0	0	0	0	0	0	0	0	0	0	0	0	0	1	0	0	0	0	0	0	0	0	0	0	0	0	0	0	0	0
T[C>G]T	3	0	0	0	2	0	0	0	0	0	0	0	0	1	0	1	2	0	1	1	0	0	0	0	0	2	2	0	0	1	4	1	1	2	3	2	1	1	0	0	0	0	0	0
T[C>T]A	1	2	1	0	1	1	0	3	3	1	0	2	1	2	0	2	3	0	1	1	3	0	2	0	2	1	3	2	2	0	1	0	1	2	0	2	0	2	0	0	2	1	0	0
T[C>T]C	3	2	2	2	1	1	3	3	1	0	0	2	0	2	1	0	2	2	1	4	3	2	0	0	4	1	2	3	0	0	2	1	3	1	5	5	7	3	0	0	0	0	0	0
T[C>T]G	1	0	0	0	1	0	0	1	2	0	0	2	0	0	0	0	1	0	0	1	1	1	0	1	3	0	0	0	1	0	2	0	0	0	0	0	3	0	0	0	0	0	0	0
T[C>T]T	2	0	0	2	0	2	0	1	1	0	0	2	0	1	3	0	0	0	1	0	1	3	0	0	0	0	0	1	1	0	0	2	2	0	2	0	0	1	0	0	5	1	2	1
T[T>A]A	1	1	1	0	0	0	0	1	1	0	0	1	0	0	0	0	1	1	0	0	0	0	1	1	1	0	0	1	0	0	0	0	1	1	0	0	1	1	0	0	0	0	0	0
T[T>A]C	1	0	0	0	0	0	0	1	0	1	0	0	0	0	0	0	1	1	1	0	0	0	0	0	0	0	0	0	0	1	0	0	1	0	2	0	0	1	0	1	0	0	0	0
T[T>A]G	0	0	2	1	1	0	0	0	1	0	0	0	0	0	1	0	1	0	0	1	0	0	0	0	1	0	0	0	0	0	1	0	1	0	2	4	1	0	0	0	0	0	0	0
T[T>A]T	1	0	0	1	1	0	1	1	2	0	0	1	1	1	2	0	2	1	0	0	1	0	0	0	0	0	0	0	0	0	4	1	2	0	3	1	0	0	0	0	0	0	0	0
T[T>C]A	6	1	1	0	0	2	0	1	0	2	0	2	2	0	2	0	1	1	0	1	2	2	0	0	1	0	0	1	1	2	1	2	0	0	0	1	0	2	0	1	1	1	0	0
T[T>C]C	2	0	0	0	0	2	0	0	2	3	0	2	0	0	2	0	0	0	0	1	0	2	0	0	1	1	0	1	0	1	2	0	2	0	1	0	0	0	0	1	0	0	0	0
T[T>C]G	0	0	2	1	2	0	0	0	1	0	0	0	2	1	0	1	0	0	0	1	1	0	0	0	2	0	1	0	1	1	1	0	2	0	1	0	0	0	0	0	0	1	0	0
T[T>C]T	2	2	2	1	0	0	0	3	1	2	0	1	2	1	0	0	2	1	0	1	2	1	1	1	2	0	2	2	2	1	0	3	1	1	1	2	2	1	0	0	0	0	0	0
T[T>G]A	1	0	1	0	0	0	0	1	0	2	0	0	0	1	1	0	1	0	0	0	1	2	0	0	0	0	1	0	0	0	1	0	1	0	0	0	0	0	0	0	0	0	0	0
T[T>G]C	0	0	0	0	0	0	1	1	0	0	0	0	0	1	0	0	0	0	0	1	0	2	1	0	0	0	0	0	0	0	2	2	0	0	0	0	1	2	0	0	0	0	0	0
T[T>G]G	0	0	1	0	0	0	0	1	0	1	0	0	0	0	2	0	3	0	0	0	0	1	0	0	0	0	0	1	0	0	0	0	0	1	1	2	0	1	0	0	0	0	0	0
T[T>G]T	1	0	3	1	1	0	0	0	2	1	0	1	1	1	0	0	3	0	0	2	1	2	0	0	2	0	1	2	1	1	1	0	1	1	5	4	0	2	1	2	0	1	1	0
